run,run_id,task,arm,step,system,task_text,url,menu_size,s1_operation,s1_op_conf,s1_target,s1_target_conf,alternatives,goal_done,stuck,needs_reasoning,destructive,arbiter_reason,s1_proposed,executed,executed_target,url_after,result_error,next_reason,verify_band,verify_complete,verify_unmet_max,run_passed,auto_label,label,note
q10-native-dev-20260924,calc-multiply-dual-15967f68,calc-multiply,dual,1,s1,"Clear the calculator, then compute 12 times 11 and leave the result on the display.",app://Calculator,54,click,0.99,All Clear,0.95,All Clear (0.96); 1 (0.04); Percent (0.00); Delete (0.00); Recall Memory (0.00),0.02,0.04,0.05,0.16,"act: operation 0.99, target 0.95",[],click,All Clear,app://Calculator,,act,,,,True,right,,
q10-native-dev-20260924,calc-multiply-dual-15967f68,calc-multiply,dual,2,s1,"Clear the calculator, then compute 12 times 11 and leave the result on the display.",app://Calculator,54,click,0.97,1,0.7,1 (0.71); All Clear (0.27); 2 (0.01); Multiply (0.01); Percent (0.00),0.02,0.07,0.07,0.08,"act: operation 0.97, target 0.7",[],click,1,app://Calculator,,act,,,,True,right,,
q10-native-dev-20260924,calc-multiply-dual-15967f68,calc-multiply,dual,3,s1,"Clear the calculator, then compute 12 times 11 and leave the result on the display.",app://Calculator,54,click,0.96,2,0.59,2 (0.61); Clear (0.35); Multiply (0.02); 0 (0.01); 1 (0.01),0.02,0.11,0.08,0.08,"act: operation 0.96, target 0.59",[],click,2,app://Calculator,,act,,,,True,right,,
q10-native-dev-20260924,calc-multiply-dual-15967f68,calc-multiply,dual,4,s1,"Clear the calculator, then compute 12 times 11 and leave the result on the display.",app://Calculator,54,click,0.98,Multiply,0.75,Multiply (0.77); Clear (0.21); 1 (0.02); Percent (0.00); Delete (0.00),0.02,0.11,0.07,0.07,"act: operation 0.98, target 0.75",[],click,Multiply,app://Calculator,,act,,,,True,right,,
q10-native-dev-20260924,calc-multiply-dual-15967f68,calc-multiply,dual,5,s1,"Clear the calculator, then compute 12 times 11 and leave the result on the display.",app://Calculator,54,click,0.98,1,0.77,1 (0.78); Clear (0.20); Equals (0.02); Percent (0.00); Delete (0.00),0.03,0.1,0.07,0.07,"act: operation 0.98, target 0.77",[],click,1,app://Calculator,,act,,,,True,right,,
q10-native-dev-20260924,calc-multiply-dual-15967f68,calc-multiply,dual,6,s1,"Clear the calculator, then compute 12 times 11 and leave the result on the display.",app://Calculator,54,click,0.98,1,0.53,1 (0.55); Clear (0.25); Equals (0.20); Percent (0.00); Delete (0.00),0.02,0.35,0.08,0.06,"act: operation 0.98, target 0.53",[],click,1,app://Calculator,,act,,,,True,right,,
q10-native-dev-20260924,calc-multiply-dual-15967f68,calc-multiply,dual,7,s1,"Clear the calculator, then compute 12 times 11 and leave the result on the display.",app://Calculator,54,click,0.92,Equals,0.93,Equals (0.94); Clear (0.06); Percent (0.00); Delete (0.00); Recall Memory (0.00),0.05,0.43,0.1,0.06,"act: operation 0.92, target 0.93",[],click,Equals,app://Calculator,,verification accept,,,,True,right,,
q10-native-dev-20260924,calc-multiply-dual-15967f68,calc-multiply,dual,8,s1,"Clear the calculator, then compute 12 times 11 and leave the result on the display.",app://Calculator,54,done,0.96,,,,0.92,0.43,0.52,0.07,"verification accept: complete p=0.86, max unmet p=0.11",[],done,,app://Calculator,,,accept,0.86,0.11,True,right,,
q10-native-dev-20260924,calc-multiply-dual-1a509c6c,calc-multiply,dual,1,s1,"Clear the calculator, then compute 12 times 11 and leave the result on the display.",app://Calculator,54,click,0.99,All Clear,0.97,All Clear (0.98); 1 (0.02); Percent (0.00); Delete (0.00); Recall Memory (0.00),0.02,0.04,0.06,0.15,"act: operation 0.99, target 0.97",[],click,All Clear,app://Calculator,,act,,,,True,right,,
q10-native-dev-20260924,calc-multiply-dual-1a509c6c,calc-multiply,dual,2,s1,"Clear the calculator, then compute 12 times 11 and leave the result on the display.",app://Calculator,54,click,0.97,1,0.65,1 (0.66); All Clear (0.31); Multiply (0.02); 2 (0.01); Percent (0.00),0.02,0.08,0.06,0.08,"act: operation 0.97, target 0.65",[],click,1,app://Calculator,,act,,,,True,right,,
q10-native-dev-20260924,calc-multiply-dual-1a509c6c,calc-multiply,dual,3,s1,"Clear the calculator, then compute 12 times 11 and leave the result on the display.",app://Calculator,54,click,0.96,2,0.63,2 (0.64); Clear (0.33); 0 (0.01); 1 (0.01); Multiply (0.01),0.02,0.1,0.09,0.09,"act: operation 0.96, target 0.63",[],click,2,app://Calculator,,act,,,,True,right,,
q10-native-dev-20260924,calc-multiply-dual-1a509c6c,calc-multiply,dual,4,s1,"Clear the calculator, then compute 12 times 11 and leave the result on the display.",app://Calculator,54,click,0.98,Multiply,0.79,Multiply (0.79); Clear (0.19); 1 (0.02); Percent (0.00); Delete (0.00),0.02,0.1,0.07,0.06,"act: operation 0.98, target 0.79",[],click,Multiply,app://Calculator,,act,,,,True,right,,
q10-native-dev-20260924,calc-multiply-dual-1a509c6c,calc-multiply,dual,5,s1,"Clear the calculator, then compute 12 times 11 and leave the result on the display.",app://Calculator,54,click,0.99,1,0.83,1 (0.85); Clear (0.13); Equals (0.02); Percent (0.00); Delete (0.00),0.03,0.09,0.08,0.05,"act: operation 0.99, target 0.83",[],click,1,app://Calculator,,act,,,,True,right,,
q10-native-dev-20260924,calc-multiply-dual-1a509c6c,calc-multiply,dual,6,s1,"Clear the calculator, then compute 12 times 11 and leave the result on the display.",app://Calculator,54,click,0.98,1,0.58,1 (0.60); Clear (0.22); Equals (0.16); 0 (0.01); 2 (0.01),0.02,0.37,0.09,0.06,"act: operation 0.98, target 0.58",[],click,1,app://Calculator,,act,,,,True,right,,
q10-native-dev-20260924,calc-multiply-dual-1a509c6c,calc-multiply,dual,7,s1,"Clear the calculator, then compute 12 times 11 and leave the result on the display.",app://Calculator,54,click,0.93,Equals,0.92,Equals (0.93); Clear (0.07); Percent (0.00); Delete (0.00); Recall Memory (0.00),0.05,0.46,0.12,0.07,"act: operation 0.93, target 0.92",[],click,Equals,app://Calculator,,verification accept,,,,True,right,,
q10-native-dev-20260924,calc-multiply-dual-1a509c6c,calc-multiply,dual,8,s1,"Clear the calculator, then compute 12 times 11 and leave the result on the display.",app://Calculator,54,done,0.95,,,,0.91,0.39,0.54,0.08,"verification accept: complete p=0.89, max unmet p=0.09",[],done,,app://Calculator,,,accept,0.89,0.09,True,right,,
q10-native-dev-20260924,calc-multiply-dual-729a1414,calc-multiply,dual,1,s1,"Clear the calculator, then compute 12 times 11 and leave the result on the display.",app://Calculator,54,click,0.98,All Clear,0.95,All Clear (0.96); 1 (0.04); Percent (0.00); Delete (0.00); Recall Memory (0.00),0.02,0.04,0.06,0.13,"act: operation 0.98, target 0.95",[],click,All Clear,app://Calculator,,act,,,,True,right,,
q10-native-dev-20260924,calc-multiply-dual-729a1414,calc-multiply,dual,2,s1,"Clear the calculator, then compute 12 times 11 and leave the result on the display.",app://Calculator,54,click,0.97,1,0.67,1 (0.69); All Clear (0.28); 2 (0.01); Multiply (0.01); Percent (0.00),0.02,0.07,0.07,0.07,"act: operation 0.97, target 0.67",[],click,1,app://Calculator,,act,,,,True,right,,
q10-native-dev-20260924,calc-multiply-dual-729a1414,calc-multiply,dual,3,s1,"Clear the calculator, then compute 12 times 11 and leave the result on the display.",app://Calculator,54,click,0.96,2,0.62,2 (0.64); Clear (0.32); Multiply (0.02); 0 (0.01); 1 (0.01),0.02,0.1,0.08,0.08,"act: operation 0.96, target 0.62",[],click,2,app://Calculator,,act,,,,True,right,,
q10-native-dev-20260924,calc-multiply-dual-729a1414,calc-multiply,dual,4,s1,"Clear the calculator, then compute 12 times 11 and leave the result on the display.",app://Calculator,54,click,0.99,Multiply,0.69,Multiply (0.70); Clear (0.28); 1 (0.02); Percent (0.00); Delete (0.00),0.02,0.11,0.07,0.06,"act: operation 0.99, target 0.69",[],click,Multiply,app://Calculator,,act,,,,True,right,,
q10-native-dev-20260924,calc-multiply-dual-729a1414,calc-multiply,dual,5,s1,"Clear the calculator, then compute 12 times 11 and leave the result on the display.",app://Calculator,54,click,0.99,1,0.82,1 (0.83); Clear (0.15); Equals (0.02); Percent (0.00); Delete (0.00),0.03,0.09,0.07,0.06,"act: operation 0.99, target 0.82",[],click,1,app://Calculator,,act,,,,True,right,,
q10-native-dev-20260924,calc-multiply-dual-729a1414,calc-multiply,dual,6,s1,"Clear the calculator, then compute 12 times 11 and leave the result on the display.",app://Calculator,54,click,0.98,1,0.66,1 (0.67); Clear (0.20); Equals (0.12); 2 (0.01); Percent (0.00),0.02,0.39,0.09,0.07,"act: operation 0.98, target 0.66",[],click,1,app://Calculator,,act,,,,True,right,,
q10-native-dev-20260924,calc-multiply-dual-729a1414,calc-multiply,dual,7,s1,"Clear the calculator, then compute 12 times 11 and leave the result on the display.",app://Calculator,54,click,0.94,Equals,0.94,Equals (0.94); Clear (0.06); Percent (0.00); Delete (0.00); Recall Memory (0.00),0.05,0.49,0.11,0.07,"act: operation 0.94, target 0.94",[],click,Equals,app://Calculator,,verification accept,,,,True,right,,
q10-native-dev-20260924,calc-multiply-dual-729a1414,calc-multiply,dual,8,s1,"Clear the calculator, then compute 12 times 11 and leave the result on the display.",app://Calculator,54,done,0.95,,,,0.94,0.41,0.53,0.08,"verification accept: complete p=0.85, max unmet p=0.13",[],done,,app://Calculator,,,accept,0.85,0.13,True,right,,
q10-native-dev-20260924,calc-multiply-s1_only-66fb2bed,calc-multiply,s1_only,1,s1,"Clear the calculator, then compute 12 times 11 and leave the result on the display.",app://Calculator,54,click,0.99,All Clear,0.97,All Clear (0.97); 1 (0.03); Percent (0.00); Delete (0.00); Recall Memory (0.00),0.02,0.04,0.06,0.16,"act: operation 0.99, target 0.97",[],click,All Clear,app://Calculator,,act,,,,True,right,,
q10-native-dev-20260924,calc-multiply-s1_only-66fb2bed,calc-multiply,s1_only,2,s1,"Clear the calculator, then compute 12 times 11 and leave the result on the display.",app://Calculator,54,click,0.97,1,0.65,1 (0.66); All Clear (0.32); 2 (0.01); Multiply (0.01); Percent (0.00),0.02,0.08,0.06,0.08,"act: operation 0.97, target 0.65",[],click,1,app://Calculator,,act,,,,True,right,,
q10-native-dev-20260924,calc-multiply-s1_only-66fb2bed,calc-multiply,s1_only,3,s1,"Clear the calculator, then compute 12 times 11 and leave the result on the display.",app://Calculator,54,click,0.96,2,0.56,2 (0.58); Clear (0.40); 1 (0.01); Multiply (0.01); Percent (0.00),0.02,0.1,0.09,0.08,"act: operation 0.96, target 0.56",[],click,2,app://Calculator,,act,,,,True,right,,
q10-native-dev-20260924,calc-multiply-s1_only-66fb2bed,calc-multiply,s1_only,4,s1,"Clear the calculator, then compute 12 times 11 and leave the result on the display.",app://Calculator,54,click,0.98,Multiply,0.67,Multiply (0.68); Clear (0.28); 1 (0.03); Percent (0.00); Delete (0.00),0.02,0.12,0.07,0.07,"act: operation 0.98, target 0.67",[],click,Multiply,app://Calculator,,act,,,,True,right,,
q10-native-dev-20260924,calc-multiply-s1_only-66fb2bed,calc-multiply,s1_only,5,s1,"Clear the calculator, then compute 12 times 11 and leave the result on the display.",app://Calculator,54,click,0.98,1,0.8,1 (0.82); Clear (0.15); Equals (0.02); Percent (0.00); Delete (0.00),0.03,0.09,0.07,0.06,"act: operation 0.98, target 0.8",[],click,1,app://Calculator,,act,,,,True,right,,
q10-native-dev-20260924,calc-multiply-s1_only-66fb2bed,calc-multiply,s1_only,6,s1,"Clear the calculator, then compute 12 times 11 and leave the result on the display.",app://Calculator,54,click,0.98,1,0.65,1 (0.66); Clear (0.20); Equals (0.10); 2 (0.02); 0 (0.01),0.02,0.33,0.09,0.07,"act: operation 0.98, target 0.65",[],click,1,app://Calculator,,act,,,,True,right,,
q10-native-dev-20260924,calc-multiply-s1_only-66fb2bed,calc-multiply,s1_only,7,s1,"Clear the calculator, then compute 12 times 11 and leave the result on the display.",app://Calculator,54,click,0.91,Equals,0.94,Equals (0.94); Clear (0.06); Percent (0.00); Delete (0.00); Recall Memory (0.00),0.04,0.41,0.11,0.07,"act: operation 0.91, target 0.94",[],click,Equals,app://Calculator,,verification accept,,,,True,right,,
q10-native-dev-20260924,calc-multiply-s1_only-66fb2bed,calc-multiply,s1_only,8,s1,"Clear the calculator, then compute 12 times 11 and leave the result on the display.",app://Calculator,54,done,0.94,,,,0.93,0.4,0.54,0.07,"verification accept: complete p=0.85, max unmet p=0.12",[],done,,app://Calculator,,,accept,0.85,0.12,True,right,,
q10-native-dev-20260924,calc-multiply-s1_only-ddff5add,calc-multiply,s1_only,1,s1,"Clear the calculator, then compute 12 times 11 and leave the result on the display.",app://Calculator,54,click,0.99,All Clear,0.96,All Clear (0.97); 1 (0.03); Percent (0.00); Delete (0.00); Recall Memory (0.00),0.02,0.04,0.06,0.14,"act: operation 0.99, target 0.96",[],click,All Clear,app://Calculator,,act,,,,True,right,,
q10-native-dev-20260924,calc-multiply-s1_only-ddff5add,calc-multiply,s1_only,2,s1,"Clear the calculator, then compute 12 times 11 and leave the result on the display.",app://Calculator,54,click,0.96,1,0.64,1 (0.66); All Clear (0.31); 2 (0.02); Multiply (0.01); Percent (0.00),0.02,0.07,0.07,0.07,"act: operation 0.96, target 0.64",[],click,1,app://Calculator,,act,,,,True,right,,
q10-native-dev-20260924,calc-multiply-s1_only-ddff5add,calc-multiply,s1_only,3,s1,"Clear the calculator, then compute 12 times 11 and leave the result on the display.",app://Calculator,54,click,0.95,2,0.59,2 (0.61); Clear (0.38); Multiply (0.01); Percent (0.00); Delete (0.00),0.02,0.1,0.08,0.08,"act: operation 0.95, target 0.59",[],click,2,app://Calculator,,act,,,,True,right,,
q10-native-dev-20260924,calc-multiply-s1_only-ddff5add,calc-multiply,s1_only,4,s1,"Clear the calculator, then compute 12 times 11 and leave the result on the display.",app://Calculator,54,click,0.98,Multiply,0.74,Multiply (0.76); Clear (0.21); 1 (0.03); Percent (0.00); Delete (0.00),0.03,0.11,0.07,0.08,"act: operation 0.98, target 0.74",[],click,Multiply,app://Calculator,,act,,,,True,right,,
q10-native-dev-20260924,calc-multiply-s1_only-ddff5add,calc-multiply,s1_only,5,s1,"Clear the calculator, then compute 12 times 11 and leave the result on the display.",app://Calculator,54,click,0.99,1,0.79,1 (0.80); Clear (0.18); Equals (0.02); Percent (0.00); Delete (0.00),0.03,0.09,0.07,0.06,"act: operation 0.99, target 0.79",[],click,1,app://Calculator,,act,,,,True,right,,
q10-native-dev-20260924,calc-multiply-s1_only-ddff5add,calc-multiply,s1_only,6,s1,"Clear the calculator, then compute 12 times 11 and leave the result on the display.",app://Calculator,54,click,0.98,1,0.63,1 (0.65); Clear (0.21); Equals (0.11); 2 (0.02); 0 (0.01),0.02,0.36,0.08,0.06,"act: operation 0.98, target 0.63",[],click,1,app://Calculator,,act,,,,True,right,,
q10-native-dev-20260924,calc-multiply-s1_only-ddff5add,calc-multiply,s1_only,7,s1,"Clear the calculator, then compute 12 times 11 and leave the result on the display.",app://Calculator,54,click,0.94,Equals,0.94,Equals (0.94); Clear (0.06); Percent (0.00); Delete (0.00); Recall Memory (0.00),0.04,0.49,0.11,0.07,"act: operation 0.94, target 0.94",[],click,Equals,app://Calculator,,verification accept,,,,True,right,,
q10-native-dev-20260924,calc-multiply-s1_only-ddff5add,calc-multiply,s1_only,8,s1,"Clear the calculator, then compute 12 times 11 and leave the result on the display.",app://Calculator,54,done,0.95,,,,0.93,0.42,0.51,0.08,"verification accept: complete p=0.88, max unmet p=0.11",[],done,,app://Calculator,,,accept,0.88,0.11,True,right,,
q10-native-dev-20260924,calc-multiply-s1_only-e358dc33,calc-multiply,s1_only,1,s1,"Clear the calculator, then compute 12 times 11 and leave the result on the display.",app://Calculator,54,click,0.99,All Clear,0.96,All Clear (0.96); 1 (0.04); Percent (0.00); Delete (0.00); Recall Memory (0.00),0.02,0.05,0.06,0.16,"act: operation 0.99, target 0.96",[],click,All Clear,app://Calculator,,act,,,,True,right,,
q10-native-dev-20260924,calc-multiply-s1_only-e358dc33,calc-multiply,s1_only,2,s1,"Clear the calculator, then compute 12 times 11 and leave the result on the display.",app://Calculator,54,click,0.97,1,0.69,1 (0.71); All Clear (0.27); 2 (0.01); Multiply (0.01); Percent (0.00),0.02,0.08,0.07,0.08,"act: operation 0.97, target 0.69",[],click,1,app://Calculator,,act,,,,True,right,,
q10-native-dev-20260924,calc-multiply-s1_only-e358dc33,calc-multiply,s1_only,3,s1,"Clear the calculator, then compute 12 times 11 and leave the result on the display.",app://Calculator,54,click,0.96,2,0.67,2 (0.69); Clear (0.28); Multiply (0.02); Percent (0.00); Delete (0.00),0.02,0.1,0.08,0.08,"act: operation 0.96, target 0.67",[],click,2,app://Calculator,,act,,,,True,right,,
q10-native-dev-20260924,calc-multiply-s1_only-e358dc33,calc-multiply,s1_only,4,s1,"Clear the calculator, then compute 12 times 11 and leave the result on the display.",app://Calculator,54,click,0.98,Multiply,0.73,Multiply (0.74); Clear (0.24); 1 (0.02); Percent (0.00); Delete (0.00),0.02,0.12,0.07,0.07,"act: operation 0.98, target 0.73",[],click,Multiply,app://Calculator,,act,,,,True,right,,
q10-native-dev-20260924,calc-multiply-s1_only-e358dc33,calc-multiply,s1_only,5,s1,"Clear the calculator, then compute 12 times 11 and leave the result on the display.",app://Calculator,54,click,0.98,1,0.81,1 (0.83); Clear (0.15); Equals (0.02); Percent (0.00); Delete (0.00),0.03,0.09,0.08,0.05,"act: operation 0.98, target 0.81",[],click,1,app://Calculator,,act,,,,True,right,,
q10-native-dev-20260924,calc-multiply-s1_only-e358dc33,calc-multiply,s1_only,6,s1,"Clear the calculator, then compute 12 times 11 and leave the result on the display.",app://Calculator,54,click,0.98,1,0.65,1 (0.67); Clear (0.18); Equals (0.12); 2 (0.02); 0 (0.01),0.02,0.33,0.09,0.06,"act: operation 0.98, target 0.65",[],click,1,app://Calculator,,act,,,,True,right,,
q10-native-dev-20260924,calc-multiply-s1_only-e358dc33,calc-multiply,s1_only,7,s1,"Clear the calculator, then compute 12 times 11 and leave the result on the display.",app://Calculator,54,click,0.93,Equals,0.93,Equals (0.94); Clear (0.06); Percent (0.00); Delete (0.00); Recall Memory (0.00),0.05,0.44,0.1,0.07,"act: operation 0.93, target 0.93",[],click,Equals,app://Calculator,,verification accept,,,,True,right,,
q10-native-dev-20260924,calc-multiply-s1_only-e358dc33,calc-multiply,s1_only,8,s1,"Clear the calculator, then compute 12 times 11 and leave the result on the display.",app://Calculator,54,done,0.96,,,,0.93,0.4,0.54,0.08,"verification accept: complete p=0.88, max unmet p=0.10",[],done,,app://Calculator,,,accept,0.88,0.1,True,right,,
q10-native-dev-20260924,calc-percent-dual-1597c380,calc-percent,dual,1,s1,"Clear the calculator, then compute 15 percent of 240 using the percent key and leave the result on the display.",app://Calculator,54,click,0.97,All Clear,0.94,All Clear (0.95); 1 (0.04); Percent (0.01); Delete (0.00); Recall Memory (0.00),0.02,0.04,0.06,0.09,"act: operation 0.97, target 0.94",[],click,All Clear,app://Calculator,,act,,,,False,right,,
q10-native-dev-20260924,calc-percent-dual-1597c380,calc-percent,dual,2,s1,"Clear the calculator, then compute 15 percent of 240 using the percent key and leave the result on the display.",app://Calculator,54,click,0.94,1,0.67,1 (0.69); All Clear (0.24); Percent (0.06); 2 (0.01); Delete (0.00),0.02,0.08,0.07,0.06,"act: operation 0.94, target 0.67",[],click,1,app://Calculator,,act,,,,False,right,,
q10-native-dev-20260924,calc-percent-dual-1597c380,calc-percent,dual,3,s1,"Clear the calculator, then compute 15 percent of 240 using the percent key and leave the result on the display.",app://Calculator,54,click,0.94,5,0.54,5 (0.55); Clear (0.32); 2 (0.06); Percent (0.04); 3 (0.01),0.02,0.11,0.09,0.07,"act: operation 0.94, target 0.54",[],click,5,app://Calculator,,act,,,,False,right,,
q10-native-dev-20260924,calc-percent-dual-1597c380,calc-percent,dual,4,s1,"Clear the calculator, then compute 15 percent of 240 using the percent key and leave the result on the display.",app://Calculator,54,click,0.93,Percent,0.53,Percent (0.55); Clear (0.16); Multiply (0.14); 2 (0.11); 0 (0.01),0.02,0.11,0.1,0.06,"act: operation 0.93, target 0.53",[],click,Percent,app://Calculator,,act,,,,False,right,,
q10-native-dev-20260924,calc-percent-dual-1597c380,calc-percent,dual,5,s1,"Clear the calculator, then compute 15 percent of 240 using the percent key and leave the result on the display.",app://Calculator,54,click,0.84,2,0.55,2 (0.57); Multiply (0.19); Clear (0.15); Equals (0.04); Percent (0.01),0.02,0.1,0.14,0.06,"act: operation 0.84, target 0.55",[],click,2,app://Calculator,,retry_alternate,,,,False,right,,
q10-native-dev-20260924,calc-percent-dual-1597c380,calc-percent,dual,6,s1,"Clear the calculator, then compute 15 percent of 240 using the percent key and leave the result on the display.",app://Calculator,54,click,0.88,3,0.23,Clear (0.25); 3 (0.20); 0 (0.16); Equals (0.12); Multiply (0.10),0.02,0.12,0.16,0.07,retry_alternate: retry_alternate: target confidence 0.23 < 0.45; alternate 39 p=0.20 within 0.15 of chosen p=0.25,[],click,3,app://Calculator,,act,,,,False,right,,
q10-native-dev-20260924,calc-percent-dual-1597c380,calc-percent,dual,7,s1,"Clear the calculator, then compute 15 percent of 240 using the percent key and leave the result on the display.",app://Calculator,54,click,0.83,0,0.49,0 (0.51); Equals (0.17); Clear (0.12); 4 (0.07); Multiply (0.05),0.03,0.13,0.15,0.06,"act: operation 0.83, target 0.49",[],click,0,app://Calculator,,act,,,,False,right,,
q10-native-dev-20260924,calc-percent-dual-1597c380,calc-percent,dual,8,s1,"Clear the calculator, then compute 15 percent of 240 using the percent key and leave the result on the display.",app://Calculator,54,click,0.6,Equals,0.67,Equals (0.69); Clear (0.18); Multiply (0.08); Add (0.02); Percent (0.01),0.05,0.13,0.27,0.07,"act: operation 0.60, target 0.67",[],click,Equals,app://Calculator,,System 2 click [8] (Clearing calculator to restart correct 240×15% sequence),,,,False,right,,
q10-native-dev-20260924,calc-percent-dual-1597c380,calc-percent,dual,9,s2,"Clear the calculator, then compute 15 percent of 240 using the percent key and leave the result on the display.",app://Calculator,54,blocked,0.25,,,,0.07,0.12,0.53,0.07,System 2 click [8] (Clearing calculator to restart correct 240×15% sequence),[],click,All Clear,app://Calculator,,act,,,,False,unknown,,
q10-native-dev-20260924,calc-percent-dual-1597c380,calc-percent,dual,10,s1,"Clear the calculator, then compute 15 percent of 240 using the percent key and leave the result on the display.",app://Calculator,54,click,0.92,1,0.56,1 (0.58); All Clear (0.25); 2 (0.15); Percent (0.01); Multiply (0.01),0.02,0.31,0.08,0.06,"act: operation 0.92, target 0.56",[],click,1,app://Calculator,,act,,,,False,right,,
q10-native-dev-20260924,calc-percent-dual-1597c380,calc-percent,dual,11,s1,"Clear the calculator, then compute 15 percent of 240 using the percent key and leave the result on the display.",app://Calculator,54,click,0.94,5,0.72,5 (0.73); Clear (0.12); 2 (0.09); Percent (0.05); Multiply (0.01),0.02,0.35,0.09,0.05,"act: operation 0.94, target 0.72",[],click,5,app://Calculator,,act,,,,False,right,,
q10-native-dev-20260924,calc-percent-dual-1597c380,calc-percent,dual,12,s1,"Clear the calculator, then compute 15 percent of 240 using the percent key and leave the result on the display.",app://Calculator,54,click,0.96,Percent,0.64,Percent (0.66); 2 (0.16); Multiply (0.10); Clear (0.08); Delete (0.00),0.02,0.3,0.1,0.05,"act: operation 0.96, target 0.64",[],click,Percent,app://Calculator,,act,,,,False,right,,
q10-native-dev-20260924,calc-percent-dual-1597c380,calc-percent,dual,13,s1,"Clear the calculator, then compute 15 percent of 240 using the percent key and leave the result on the display.",app://Calculator,54,click,0.79,2,0.61,2 (0.63); Multiply (0.15); Equals (0.13); Clear (0.06); Percent (0.01),0.04,0.21,0.17,0.06,"act: operation 0.79, target 0.61",[],click,2,app://Calculator,,act,,,,False,right,,
q10-native-dev-20260924,calc-percent-dual-1597c380,calc-percent,dual,14,s1,"Clear the calculator, then compute 15 percent of 240 using the percent key and leave the result on the display.",app://Calculator,54,click,0.9,0,0.56,0 (0.58); 3 (0.20); Multiply (0.07); Equals (0.05); Clear (0.04),0.03,0.21,0.13,0.06,"act: operation 0.90, target 0.56",[],click,0,app://Calculator,,act,,,,False,right,,
q10-native-dev-20260924,calc-percent-dual-1597c380,calc-percent,dual,15,s1,"Clear the calculator, then compute 15 percent of 240 using the percent key and leave the result on the display.",app://Calculator,54,click,0.66,Equals,0.62,Equals (0.64); Clear (0.15); Multiply (0.12); Add (0.03); Percent (0.02),0.05,0.42,0.29,0.07,"act: operation 0.66, target 0.62",[],click,Equals,app://Calculator,,System 2 click [8] (Clearing calculator before computing 240 x 15% to get 36),,,,False,right,,
q10-native-dev-20260924,calc-percent-dual-1597c380,calc-percent,dual,16,s2,"Clear the calculator, then compute 15 percent of 240 using the percent key and leave the result on the display.",app://Calculator,54,blocked,0.31,,,,0.1,0.41,0.49,0.07,System 2 click [8] (Clearing calculator before computing 240 x 15% to get 36),[],click,All Clear,app://Calculator,,"System 2 click [38] (Display is cleared at 0, starting 240×15% sequence)",,,,False,unknown,,
q10-native-dev-20260924,calc-percent-dual-1597c380,calc-percent,dual,17,s2,"Clear the calculator, then compute 15 percent of 240 using the percent key and leave the result on the display.",app://Calculator,54,click,0.86,All Clear,0.8,All Clear (0.81); 1 (0.10); 2 (0.06); Equals (0.01); Multiply (0.01),0.03,0.9,0.2,0.07,"System 2 click [38] (Display is cleared at 0, starting 240×15% sequence)",[],click,2,app://Calculator,,act,,,,False,unknown,,
q10-native-dev-20260924,calc-percent-dual-1597c380,calc-percent,dual,18,s1,"Clear the calculator, then compute 15 percent of 240 using the percent key and leave the result on the display.",app://Calculator,54,click,0.88,0,0.48,0 (0.50); Clear (0.17); 3 (0.12); 2 (0.09); 5 (0.04),0.02,0.57,0.13,0.06,"act: operation 0.88, target 0.48",[],click,0,app://Calculator,,retry_alternate,,,,False,right,,
q10-native-dev-20260924,calc-percent-dual-1597c380,calc-percent,dual,19,s1,"Clear the calculator, then compute 15 percent of 240 using the percent key and leave the result on the display.",app://Calculator,54,click,0.87,Multiply,0.31,1 (0.34); Clear (0.20); Multiply (0.20); Percent (0.09); Equals (0.04),0.02,0.61,0.15,0.06,retry_alternate: retry_alternate: target confidence 0.31 < 0.45; alternate 20 p=0.20 within 0.15 of chosen p=0.34,[],click,Multiply,app://Calculator,,act,,,,False,right,,
q10-native-dev-20260924,calc-percent-dual-1597c380,calc-percent,dual,20,s1,"Clear the calculator, then compute 15 percent of 240 using the percent key and leave the result on the display.",app://Calculator,54,click,0.88,1,0.45,1 (0.47); Percent (0.25); Clear (0.13); 5 (0.10); 3 (0.04),0.02,0.5,0.1,0.05,"act: operation 0.88, target 0.45",[],click,1,app://Calculator,,act,,,,False,right,,
q10-native-dev-20260924,calc-percent-dual-1597c380,calc-percent,dual,21,s1,"Clear the calculator, then compute 15 percent of 240 using the percent key and leave the result on the display.",app://Calculator,54,click,0.93,Percent,0.46,Percent (0.48); 5 (0.43); Clear (0.05); 3 (0.02); 0 (0.01),0.02,0.55,0.09,0.05,"act: operation 0.93, target 0.46",[],click,Percent,app://Calculator,,System 2 click [8] (Clearing incorrect 20x1% entry to restart 240x15% calculatio),,,,False,right,,
q10-native-dev-20260924,calc-percent-dual-1597c380,calc-percent,dual,22,s2,"Clear the calculator, then compute 15 percent of 240 using the percent key and leave the result on the display.",app://Calculator,54,click,0.55,Equals,0.39,Equals (0.42); 5 (0.22); Clear (0.18); 3 (0.06); Percent (0.04),0.03,0.38,0.31,0.06,System 2 click [8] (Clearing incorrect 20x1% entry to restart 240x15% calculatio),[],click,Clear,app://Calculator,,act,,,,False,unknown,,
q10-native-dev-20260924,calc-percent-dual-1597c380,calc-percent,dual,23,s1,"Clear the calculator, then compute 15 percent of 240 using the percent key and leave the result on the display.",app://Calculator,54,click,0.91,All Clear,0.84,All Clear (0.85); 2 (0.06); Equals (0.03); 5 (0.03); Percent (0.01),0.02,0.83,0.12,0.09,"act: operation 0.91, target 0.84",[],click,All Clear,app://Calculator,,"System 2 click [38] (Display is cleared at 0, starting 240 x 15% sequence to get )",,,,False,right,,
q10-native-dev-20260924,calc-percent-dual-1597c380,calc-percent,dual,24,s2,"Clear the calculator, then compute 15 percent of 240 using the percent key and leave the result on the display.",app://Calculator,54,click,0.92,All Clear,0.5,All Clear (0.52); 2 (0.44); Percent (0.01); Equals (0.01); 1 (0.01),0.02,0.9,0.12,0.07,"System 2 click [38] (Display is cleared at 0, starting 240 x 15% sequence to get )",[],click,2,app://Calculator,,System 2 click [8] (Clearing the partial '2' entry to restart the 240 x 15% calc),,,,False,unknown,,
q10-native-dev-20260924,calc-percent-dual-1597c380,calc-percent,dual,25,s2,"Clear the calculator, then compute 15 percent of 240 using the percent key and leave the result on the display.",app://Calculator,54,click,0.81,Clear,0.43,Clear (0.45); 2 (0.27); 0 (0.17); 3 (0.03); 4 (0.02),0.02,0.88,0.14,0.07,System 2 click [8] (Clearing the partial '2' entry to restart the 240 x 15% calc),[],click,Clear,app://Calculator,,,,,,False,unknown,,
q10-native-dev-20260924,calc-percent-dual-6b4eae95,calc-percent,dual,1,s1,"Clear the calculator, then compute 15 percent of 240 using the percent key and leave the result on the display.",app://Calculator,54,click,0.98,All Clear,0.96,All Clear (0.96); 1 (0.03); Percent (0.01); Delete (0.00); Recall Memory (0.00),0.02,0.05,0.06,0.1,"act: operation 0.98, target 0.96",[],click,All Clear,app://Calculator,,act,,,,False,right,,
q10-native-dev-20260924,calc-percent-dual-6b4eae95,calc-percent,dual,2,s1,"Clear the calculator, then compute 15 percent of 240 using the percent key and leave the result on the display.",app://Calculator,54,click,0.94,1,0.66,1 (0.68); All Clear (0.25); Percent (0.06); 2 (0.01); Delete (0.00),0.02,0.08,0.07,0.06,"act: operation 0.94, target 0.66",[],click,1,app://Calculator,,act,,,,False,right,,
q10-native-dev-20260924,calc-percent-dual-6b4eae95,calc-percent,dual,3,s1,"Clear the calculator, then compute 15 percent of 240 using the percent key and leave the result on the display.",app://Calculator,54,click,0.94,5,0.49,5 (0.51); Clear (0.31); Percent (0.07); 2 (0.06); 3 (0.02),0.02,0.1,0.09,0.07,"act: operation 0.94, target 0.49",[],click,5,app://Calculator,,retry_alternate,,,,False,right,,
q10-native-dev-20260924,calc-percent-dual-6b4eae95,calc-percent,dual,4,s1,"Clear the calculator, then compute 15 percent of 240 using the percent key and leave the result on the display.",app://Calculator,54,click,0.92,Multiply,0.31,Percent (0.34); Clear (0.23); Multiply (0.23); 2 (0.16); 0 (0.01),0.02,0.11,0.09,0.06,retry_alternate: retry_alternate: target confidence 0.31 < 0.45; alternate 20 p=0.23 within 0.15 of chosen p=0.34,[],click,Multiply,app://Calculator,,retry_alternate,,,,False,right,,
q10-native-dev-20260924,calc-percent-dual-6b4eae95,calc-percent,dual,5,s1,"Clear the calculator, then compute 15 percent of 240 using the percent key and leave the result on the display.",app://Calculator,54,click,0.95,Percent,0.4,2 (0.43); Percent (0.36); Clear (0.19); 0 (0.01); 4 (0.01),0.02,0.1,0.09,0.06,retry_alternate: retry_alternate: target confidence 0.40 < 0.45; alternate 9 p=0.36 within 0.15 of chosen p=0.43,[],click,Percent,app://Calculator,,act,,,,False,right,,
q10-native-dev-20260924,calc-percent-dual-6b4eae95,calc-percent,dual,6,s1,"Clear the calculator, then compute 15 percent of 240 using the percent key and leave the result on the display.",app://Calculator,54,click,0.83,2,0.51,2 (0.53); Clear (0.26); Equals (0.16); Percent (0.02); 0 (0.01),0.03,0.12,0.14,0.06,"act: operation 0.83, target 0.51",[],click,2,app://Calculator,,retry_alternate,,,,False,right,,
q10-native-dev-20260924,calc-percent-dual-6b4eae95,calc-percent,dual,7,s1,"Clear the calculator, then compute 15 percent of 240 using the percent key and leave the result on the display.",app://Calculator,54,click,0.85,Equals,0.25,0 (0.27); Equals (0.26); Clear (0.22); 3 (0.10); 4 (0.08),0.02,0.13,0.15,0.07,retry_alternate: retry_alternate: target confidence 0.25 < 0.45; alternate 50 p=0.26 within 0.15 of chosen p=0.27,[],click,Equals,app://Calculator,,act,,,,False,right,,
q10-native-dev-20260924,calc-percent-dual-6b4eae95,calc-percent,dual,8,s1,"Clear the calculator, then compute 15 percent of 240 using the percent key and leave the result on the display.",app://Calculator,54,click,0.65,All Clear,0.52,All Clear (0.54); Equals (0.14); 0 (0.11); 2 (0.05); 3 (0.04),0.04,0.14,0.36,0.08,"act: operation 0.65, target 0.52",[],click,All Clear,app://Calculator,,"System 2 click [38] (Display is cleared at 0, starting 240 × 15% sequence)",,,,False,right,,
q10-native-dev-20260924,calc-percent-dual-6b4eae95,calc-percent,dual,9,s2,"Clear the calculator, then compute 15 percent of 240 using the percent key and leave the result on the display.",app://Calculator,54,click,0.88,All Clear,0.56,All Clear (0.58); 1 (0.37); 2 (0.04); Percent (0.01); Delete (0.00),0.02,0.91,0.13,0.09,"System 2 click [38] (Display is cleared at 0, starting 240 × 15% sequence)",[],click,2,app://Calculator,,retry_alternate,,,,False,unknown,,
q10-native-dev-20260924,calc-percent-dual-6b4eae95,calc-percent,dual,10,s1,"Clear the calculator, then compute 15 percent of 240 using the percent key and leave the result on the display.",app://Calculator,54,click,0.91,2,0.26,0 (0.28); 2 (0.22); Clear (0.16); 3 (0.09); 4 (0.07),0.02,0.65,0.11,0.05,retry_alternate: retry_alternate: target confidence 0.26 < 0.45; alternate 38 p=0.22 within 0.15 of chosen p=0.28,[],click,2,app://Calculator,,"System 2 click [8] (Display shows 22, need to clear before computing 15% of 240)",,,,False,right,,
q10-native-dev-20260924,calc-percent-dual-6b4eae95,calc-percent,dual,11,s2,"Clear the calculator, then compute 15 percent of 240 using the percent key and leave the result on the display.",app://Calculator,54,click,0.82,Clear,0.21,Clear (0.23); 2 (0.22); 3 (0.15); 5 (0.09); 0 (0.07),0.02,0.88,0.17,0.06,"System 2 click [8] (Display shows 22, need to clear before computing 15% of 240)",[],click,Clear,app://Calculator,,"System 2 click [38] (Display is cleared at 0, starting 240 x 15% sequence)",,,,False,unknown,,
q10-native-dev-20260924,calc-percent-dual-6b4eae95,calc-percent,dual,12,s2,"Clear the calculator, then compute 15 percent of 240 using the percent key and leave the result on the display.",app://Calculator,54,click,0.91,All Clear,0.47,All Clear (0.49); 2 (0.44); 1 (0.03); Percent (0.01); 4 (0.01),0.02,0.91,0.08,0.08,"System 2 click [38] (Display is cleared at 0, starting 240 x 15% sequence)",[],click,2,app://Calculator,,"System 2 click [8] (Display shows 2, clearing before computing 15 percent of 240)",,,,False,unknown,,
q10-native-dev-20260924,calc-percent-dual-6b4eae95,calc-percent,dual,13,s2,"Clear the calculator, then compute 15 percent of 240 using the percent key and leave the result on the display.",app://Calculator,54,click,0.87,Clear,0.51,Clear (0.53); 2 (0.28); 1 (0.06); 0 (0.03); Percent (0.02),0.02,0.92,0.11,0.09,"System 2 click [8] (Display shows 2, clearing before computing 15 percent of 240)",[],click,Clear,app://Calculator,,"System 2 click [38] (Display is cleared at 0, starting 240 × 15% sequence with 2)",,,,False,unknown,,
q10-native-dev-20260924,calc-percent-dual-6b4eae95,calc-percent,dual,14,s2,"Clear the calculator, then compute 15 percent of 240 using the percent key and leave the result on the display.",app://Calculator,54,click,0.92,2,0.46,2 (0.48); All Clear (0.43); 1 (0.05); Percent (0.02); 0 (0.01),0.02,0.93,0.09,0.09,"System 2 click [38] (Display is cleared at 0, starting 240 × 15% sequence with 2)",[],click,2,app://Calculator,,"System 2 click [27] (Display shows 2, continuing 240 entry by pressing 4)",,,,False,unknown,,
q10-native-dev-20260924,calc-percent-dual-6b4eae95,calc-percent,dual,15,s2,"Clear the calculator, then compute 15 percent of 240 using the percent key and leave the result on the display.",app://Calculator,54,click,0.87,Clear,0.64,Clear (0.65); 2 (0.13); 1 (0.08); Percent (0.04); 0 (0.04),0.02,0.94,0.1,0.09,"System 2 click [27] (Display shows 2, continuing 240 entry by pressing 4)",[],click,4,app://Calculator,,"System 2 click [48] (Display shows 24, need 240 so pressing 0 to finish entry)",,,,False,unknown,,
q10-native-dev-20260924,calc-percent-dual-6b4eae95,calc-percent,dual,16,s2,"Clear the calculator, then compute 15 percent of 240 using the percent key and leave the result on the display.",app://Calculator,54,click,0.89,0,0.44,0 (0.46); Clear (0.29); Multiply (0.10); Percent (0.05); 1 (0.04),0.02,0.89,0.09,0.07,"System 2 click [48] (Display shows 24, need 240 so pressing 0 to finish entry)",[],click,0,app://Calculator,,act,,,,False,unknown,,
q10-native-dev-20260924,calc-percent-dual-6b4eae95,calc-percent,dual,17,s1,"Clear the calculator, then compute 15 percent of 240 using the percent key and leave the result on the display.",app://Calculator,54,click,0.92,Clear,0.52,Clear (0.54); Multiply (0.25); 1 (0.14); Percent (0.04); Add (0.01),0.03,0.84,0.09,0.07,"act: operation 0.92, target 0.52",[],click,Clear,app://Calculator,,"System 2 click [38] (Display is cleared at 0, starting 240 x 15% sequence with 2)",,,,False,right,,
q10-native-dev-20260924,calc-percent-dual-6b4eae95,calc-percent,dual,18,s2,"Clear the calculator, then compute 15 percent of 240 using the percent key and leave the result on the display.",app://Calculator,54,click,0.92,All Clear,0.66,All Clear (0.67); 2 (0.18); 1 (0.09); Percent (0.04); 5 (0.01),0.02,0.91,0.11,0.08,"System 2 click [38] (Display is cleared at 0, starting 240 x 15% sequence with 2)",[],click,2,app://Calculator,,"System 2 click [8] (Display shows 2, clearing before entering 240 x 15% sequence)",,,,False,unknown,,
q10-native-dev-20260924,calc-percent-dual-6b4eae95,calc-percent,dual,19,s2,"Clear the calculator, then compute 15 percent of 240 using the percent key and leave the result on the display.",app://Calculator,54,click,0.88,Clear,0.49,Clear (0.51); 4 (0.12); 0 (0.09); 1 (0.08); 2 (0.07),0.02,0.93,0.1,0.09,"System 2 click [8] (Display shows 2, clearing before entering 240 x 15% sequence)",[],click,Clear,app://Calculator,,"System 2 click [38] (Display is cleared at 0, starting 240 x 15% entry with 2)",,,,False,unknown,,
q10-native-dev-20260924,calc-percent-dual-6b4eae95,calc-percent,dual,20,s2,"Clear the calculator, then compute 15 percent of 240 using the percent key and leave the result on the display.",app://Calculator,54,click,0.92,All Clear,0.73,All Clear (0.74); 2 (0.19); 1 (0.05); Percent (0.02); Delete (0.00),0.02,0.94,0.09,0.07,"System 2 click [38] (Display is cleared at 0, starting 240 x 15% entry with 2)",[],click,2,app://Calculator,,"System 2 click [27] (Display shows 2 as first digit of 240, continuing entry with)",,,,False,unknown,,
q10-native-dev-20260924,calc-percent-dual-6b4eae95,calc-percent,dual,21,s2,"Clear the calculator, then compute 15 percent of 240 using the percent key and leave the result on the display.",app://Calculator,54,click,0.9,Clear,0.56,Clear (0.58); 4 (0.22); 2 (0.06); 0 (0.05); 1 (0.02),0.02,0.95,0.11,0.08,"System 2 click [27] (Display shows 2 as first digit of 240, continuing entry with)",[],click,4,app://Calculator,,"System 2 click [48] (Display shows 24, continuing 240 entry by pressing 0)",,,,False,unknown,,
q10-native-dev-20260924,calc-percent-dual-6b4eae95,calc-percent,dual,22,s2,"Clear the calculator, then compute 15 percent of 240 using the percent key and leave the result on the display.",app://Calculator,54,click,0.94,Clear,0.48,Clear (0.50); 0 (0.45); Percent (0.02); 2 (0.01); 4 (0.01),0.02,0.93,0.08,0.07,"System 2 click [48] (Display shows 24, continuing 240 entry by pressing 0)",[],click,0,app://Calculator,,"System 2 click [20] (Display shows 240, continuing 15-percent calculation with Mu)",,,,False,unknown,,
q10-native-dev-20260924,calc-percent-dual-6b4eae95,calc-percent,dual,23,s2,"Clear the calculator, then compute 15 percent of 240 using the percent key and leave the result on the display.",app://Calculator,54,click,0.9,Clear,0.35,Clear (0.38); Multiply (0.23); Percent (0.20); 1 (0.15); 5 (0.03),0.03,0.9,0.1,0.07,"System 2 click [20] (Display shows 240, continuing 15-percent calculation with Mu)",[],click,Multiply,app://Calculator,,"System 2 click [37] (Display shows 240x, continuing 15-percent entry with 1)",,,,False,unknown,,
q10-native-dev-20260924,calc-percent-dual-6b4eae95,calc-percent,dual,24,s2,"Clear the calculator, then compute 15 percent of 240 using the percent key and leave the result on the display.",app://Calculator,54,click,0.97,1,0.66,1 (0.67); Percent (0.18); Clear (0.11); 5 (0.02); 3 (0.01),0.02,0.85,0.08,0.06,"System 2 click [37] (Display shows 240x, continuing 15-percent entry with 1)",[],click,1,app://Calculator,,act,,,,False,unknown,,
q10-native-dev-20260924,calc-percent-dual-6b4eae95,calc-percent,dual,25,s1,"Clear the calculator, then compute 15 percent of 240 using the percent key and leave the result on the display.",app://Calculator,54,click,0.97,5,0.69,5 (0.71); Percent (0.19); Clear (0.09); 2 (0.01); Delete (0.00),0.02,0.78,0.09,0.05,"act: operation 0.97, target 0.69",[],click,5,app://Calculator,,,,,,False,wrong,,
q10-native-dev-20260924,calc-percent-dual-ba312949,calc-percent,dual,1,s1,"Clear the calculator, then compute 15 percent of 240 using the percent key and leave the result on the display.",app://Calculator,54,click,0.98,All Clear,0.95,All Clear (0.95); 1 (0.04); Percent (0.01); Delete (0.00); Recall Memory (0.00),0.02,0.05,0.06,0.11,"act: operation 0.98, target 0.95",[],click,All Clear,app://Calculator,,act,,,,False,right,,
q10-native-dev-20260924,calc-percent-dual-ba312949,calc-percent,dual,2,s1,"Clear the calculator, then compute 15 percent of 240 using the percent key and leave the result on the display.",app://Calculator,54,click,0.93,1,0.66,1 (0.68); All Clear (0.24); Percent (0.07); 2 (0.01); Delete (0.00),0.02,0.08,0.07,0.06,"act: operation 0.93, target 0.66",[],click,1,app://Calculator,,act,,,,False,right,,
q10-native-dev-20260924,calc-percent-dual-ba312949,calc-percent,dual,3,s1,"Clear the calculator, then compute 15 percent of 240 using the percent key and leave the result on the display.",app://Calculator,54,click,0.94,5,0.46,5 (0.48); Clear (0.34); 2 (0.07); Percent (0.05); 3 (0.02),0.01,0.11,0.09,0.07,"act: operation 0.94, target 0.46",[],click,5,app://Calculator,,"System 2 click [9] (Have 15 on display, pressing Percent to get 0.15 before mult)",,,,False,right,,
q10-native-dev-20260924,calc-percent-dual-ba312949,calc-percent,dual,4,s2,"Clear the calculator, then compute 15 percent of 240 using the percent key and leave the result on the display.",app://Calculator,54,click,0.95,Percent,0.44,Percent (0.46); Clear (0.20); 2 (0.18); Multiply (0.13); 0 (0.01),0.02,0.11,0.1,0.05,"System 2 click [9] (Have 15 on display, pressing Percent to get 0.15 before mult)",[],click,Percent,app://Calculator,,retry_alternate,,,,False,unknown,,
q10-native-dev-20260924,calc-percent-dual-ba312949,calc-percent,dual,5,s1,"Clear the calculator, then compute 15 percent of 240 using the percent key and leave the result on the display.",app://Calculator,54,click,0.84,Multiply,0.4,2 (0.42); Multiply (0.29); Clear (0.24); Equals (0.03); Percent (0.01),0.03,0.12,0.12,0.05,retry_alternate: retry_alternate: target confidence 0.40 < 0.45; alternate 20 p=0.29 within 0.15 of chosen p=0.42,[],click,Multiply,app://Calculator,,act,,,,False,right,,
q10-native-dev-20260924,calc-percent-dual-ba312949,calc-percent,dual,6,s1,"Clear the calculator, then compute 15 percent of 240 using the percent key and leave the result on the display.",app://Calculator,54,click,0.94,2,0.82,2 (0.83); Clear (0.10); Equals (0.04); 0 (0.01); 3 (0.01),0.03,0.11,0.11,0.04,"act: operation 0.94, target 0.82",[],click,2,app://Calculator,,retry_alternate,,,,False,right,,
q10-native-dev-20260924,calc-percent-dual-ba312949,calc-percent,dual,7,s1,"Clear the calculator, then compute 15 percent of 240 using the percent key and leave the result on the display.",app://Calculator,54,click,0.92,Clear,0.18,3 (0.21); Clear (0.20); 4 (0.19); Equals (0.14); 0 (0.13),0.02,0.13,0.13,0.05,retry_alternate: retry_alternate: target confidence 0.18 < 0.45; alternate 8 p=0.20 within 0.15 of chosen p=0.21,[],click,Clear,app://Calculator,,System 2 click [38] (Continuing 15%× entry by typing 240 to complete calculation),,,,False,right,,
q10-native-dev-20260924,calc-percent-dual-ba312949,calc-percent,dual,8,s2,"Clear the calculator, then compute 15 percent of 240 using the percent key and leave the result on the display.",app://Calculator,54,click,0.91,All Clear,0.42,All Clear (0.44); 2 (0.34); Equals (0.07); 0 (0.04); 3 (0.04),0.03,0.67,0.12,0.08,System 2 click [38] (Continuing 15%× entry by typing 240 to complete calculation),[],click,2,app://Calculator,,retry_alternate,,,,False,unknown,,
q10-native-dev-20260924,calc-percent-dual-ba312949,calc-percent,dual,9,s1,"Clear the calculator, then compute 15 percent of 240 using the percent key and leave the result on the display.",app://Calculator,54,click,0.91,4,0.28,Clear (0.31); 4 (0.25); Equals (0.17); 2 (0.10); 3 (0.08),0.02,0.74,0.16,0.06,retry_alternate: retry_alternate: target confidence 0.28 < 0.45; alternate 27 p=0.25 within 0.15 of chosen p=0.31,[],click,4,app://Calculator,,retry_alternate,,,,False,right,,
q10-native-dev-20260924,calc-percent-dual-ba312949,calc-percent,dual,10,s1,"Clear the calculator, then compute 15 percent of 240 using the percent key and leave the result on the display.",app://Calculator,54,click,0.9,Clear,0.41,0 (0.43); Clear (0.33); Equals (0.21); 2 (0.03); Percent (0.00),0.03,0.63,0.19,0.06,retry_alternate: retry_alternate: target confidence 0.41 < 0.45; alternate 8 p=0.33 within 0.15 of chosen p=0.43,[],click,Clear,app://Calculator,,"System 2 click [38] (Display shows 15%×, so continue entry with 240 then Equals t)",,,,False,right,,
q10-native-dev-20260924,calc-percent-dual-ba312949,calc-percent,dual,11,s2,"Clear the calculator, then compute 15 percent of 240 using the percent key and leave the result on the display.",app://Calculator,54,click,0.91,All Clear,0.43,All Clear (0.45); Equals (0.36); 0 (0.12); 2 (0.02); 1 (0.02),0.03,0.87,0.16,0.08,"System 2 click [38] (Display shows 15%×, so continue entry with 240 then Equals t)",[],click,2,app://Calculator,,System 2 click [8] (Clearing current entry to restart calculation from empty sta),,,,False,unknown,,
q10-native-dev-20260924,calc-percent-dual-ba312949,calc-percent,dual,12,s2,"Clear the calculator, then compute 15 percent of 240 using the percent key and leave the result on the display.",app://Calculator,54,click,0.92,Clear,0.39,Clear (0.41); Equals (0.28); 0 (0.18); 2 (0.06); 1 (0.02),0.02,0.87,0.14,0.08,System 2 click [8] (Clearing current entry to restart calculation from empty sta),[],click,Clear,app://Calculator,,"System 2 click [38] (Display shows 15%×, so continue by entering 240 to finish th)",,,,False,unknown,,
q10-native-dev-20260924,calc-percent-dual-ba312949,calc-percent,dual,13,s2,"Clear the calculator, then compute 15 percent of 240 using the percent key and leave the result on the display.",app://Calculator,54,click,0.9,All Clear,0.67,All Clear (0.68); 2 (0.13); Equals (0.09); 1 (0.06); 0 (0.02),0.02,0.93,0.11,0.13,"System 2 click [38] (Display shows 15%×, so continue by entering 240 to finish th)",[],click,2,app://Calculator,,"System 2 click [8] (Display shows leftover entry, so clearing before restarting )",,,,False,unknown,,
q10-native-dev-20260924,calc-percent-dual-ba312949,calc-percent,dual,14,s2,"Clear the calculator, then compute 15 percent of 240 using the percent key and leave the result on the display.",app://Calculator,54,click,0.9,Clear,0.62,Clear (0.64); 1 (0.14); Equals (0.07); 4 (0.07); 2 (0.03),0.02,0.94,0.14,0.12,"System 2 click [8] (Display shows leftover entry, so clearing before restarting )",[],click,Clear,app://Calculator,,System 2 key Escape,,,,False,unknown,,
q10-native-dev-20260924,calc-percent-dual-ba312949,calc-percent,dual,15,s2,"Clear the calculator, then compute 15 percent of 240 using the percent key and leave the result on the display.",app://Calculator,54,click,0.89,All Clear,0.62,All Clear (0.64); 2 (0.12); Equals (0.11); 4 (0.07); 1 (0.04),0.02,0.94,0.13,0.08,System 2 key Escape,[],send_keys,,app://Calculator,,"System 2 click [38] (Display is cleared at 0, starting 240×15% calculation)",,,,False,unknown,,
q10-native-dev-20260924,calc-percent-dual-ba312949,calc-percent,dual,16,s2,"Clear the calculator, then compute 15 percent of 240 using the percent key and leave the result on the display.",app://Calculator,54,click,0.93,All Clear,0.65,All Clear (0.66); 1 (0.28); Percent (0.02); 2 (0.02); 5 (0.01),0.02,0.95,0.09,0.08,"System 2 click [38] (Display is cleared at 0, starting 240×15% calculation)",[],click,2,app://Calculator,,"System 2 click [8] (Display shows leftover 2, so clearing before starting 240×15)",,,,False,unknown,,
q10-native-dev-20260924,calc-percent-dual-ba312949,calc-percent,dual,17,s2,"Clear the calculator, then compute 15 percent of 240 using the percent key and leave the result on the display.",app://Calculator,54,click,0.89,Clear,0.35,Clear (0.37); 1 (0.26); 2 (0.14); 4 (0.09); Percent (0.06),0.02,0.94,0.1,0.07,"System 2 click [8] (Display shows leftover 2, so clearing before starting 240×15)",[],click,Clear,app://Calculator,,"System 2 click [38] (Display is cleared at 0, starting 240 x 15% entry with 2)",,,,False,unknown,,
q10-native-dev-20260924,calc-percent-dual-ba312949,calc-percent,dual,18,s2,"Clear the calculator, then compute 15 percent of 240 using the percent key and leave the result on the display.",app://Calculator,54,click,0.92,All Clear,0.61,All Clear (0.63); 1 (0.17); 2 (0.15); Percent (0.04); Delete (0.01),0.02,0.95,0.09,0.08,"System 2 click [38] (Display is cleared at 0, starting 240 x 15% entry with 2)",[],click,2,app://Calculator,,"System 2 click [8] (Display shows leftover 2, clearing to restart 15% of 240 cal)",,,,False,unknown,,
q10-native-dev-20260924,calc-percent-dual-ba312949,calc-percent,dual,19,s2,"Clear the calculator, then compute 15 percent of 240 using the percent key and leave the result on the display.",app://Calculator,54,click,0.88,Clear,0.51,Clear (0.53); 2 (0.13); 0 (0.10); 1 (0.08); 4 (0.05),0.02,0.94,0.11,0.08,"System 2 click [8] (Display shows leftover 2, clearing to restart 15% of 240 cal)",[],click,Clear,app://Calculator,,"System 2 click [38] (Display is cleared at 0, starting 240 x 15% entry)",,,,False,unknown,,
q10-native-dev-20260924,calc-percent-dual-ba312949,calc-percent,dual,20,s2,"Clear the calculator, then compute 15 percent of 240 using the percent key and leave the result on the display.",app://Calculator,54,click,0.91,All Clear,0.6,All Clear (0.62); 2 (0.24); 1 (0.06); Percent (0.03); 4 (0.02),0.02,0.95,0.08,0.05,"System 2 click [38] (Display is cleared at 0, starting 240 x 15% entry)",[],click,2,app://Calculator,,"System 2 click [27] (Display shows 2, continuing 240 entry instead of re-clearing)",,,,False,unknown,,
q10-native-dev-20260924,calc-percent-dual-ba312949,calc-percent,dual,21,s2,"Clear the calculator, then compute 15 percent of 240 using the percent key and leave the result on the display.",app://Calculator,54,click,0.86,Clear,0.58,Clear (0.60); 2 (0.12); 0 (0.08); 1 (0.08); Percent (0.04),0.01,0.96,0.1,0.08,"System 2 click [27] (Display shows 2, continuing 240 entry instead of re-clearing)",[],click,4,app://Calculator,,"System 2 click [48] (Display shows 24, continuing 240 entry by adding 0)",,,,False,unknown,,
q10-native-dev-20260924,calc-percent-dual-ba312949,calc-percent,dual,22,s2,"Clear the calculator, then compute 15 percent of 240 using the percent key and leave the result on the display.",app://Calculator,54,click,0.92,Clear,0.65,Clear (0.67); 0 (0.19); Percent (0.04); 1 (0.03); Multiply (0.02),0.02,0.94,0.11,0.08,"System 2 click [48] (Display shows 24, continuing 240 entry by adding 0)",[],click,0,app://Calculator,,"System 2 click [20] (Display already shows 240, so continue with multiply by 15 p)",,,,False,unknown,,
q10-native-dev-20260924,calc-percent-dual-ba312949,calc-percent,dual,23,s2,"Clear the calculator, then compute 15 percent of 240 using the percent key and leave the result on the display.",app://Calculator,54,click,0.93,Clear,0.5,Clear (0.52); Multiply (0.29); 1 (0.11); Percent (0.06); Add (0.01),0.03,0.91,0.09,0.07,"System 2 click [20] (Display already shows 240, so continue with multiply by 15 p)",[],click,Multiply,app://Calculator,,"System 2 click [37] (Display shows 240x, continuing with 15 then percent key)",,,,False,unknown,,
q10-native-dev-20260924,calc-percent-dual-ba312949,calc-percent,dual,24,s2,"Clear the calculator, then compute 15 percent of 240 using the percent key and leave the result on the display.",app://Calculator,54,click,0.94,1,0.54,1 (0.55); Clear (0.28); Percent (0.13); 5 (0.03); Delete (0.00),0.02,0.86,0.08,0.06,"System 2 click [37] (Display shows 240x, continuing with 15 then percent key)",[],click,1,app://Calculator,,act,,,,False,unknown,,
q10-native-dev-20260924,calc-percent-dual-ba312949,calc-percent,dual,25,s1,"Clear the calculator, then compute 15 percent of 240 using the percent key and leave the result on the display.",app://Calculator,54,click,0.96,5,0.63,5 (0.65); Clear (0.19); Percent (0.16); Delete (0.00); Recall Memory (0.00),0.02,0.81,0.1,0.06,"act: operation 0.96, target 0.63",[],click,5,app://Calculator,,,,,,False,wrong,,
q10-native-dev-20260924,calc-percent-s1_only-8ce79861,calc-percent,s1_only,1,s1,"Clear the calculator, then compute 15 percent of 240 using the percent key and leave the result on the display.",app://Calculator,54,click,0.98,All Clear,0.94,All Clear (0.95); 1 (0.04); Percent (0.01); Delete (0.00); Recall Memory (0.00),0.02,0.05,0.06,0.08,"act: operation 0.98, target 0.94",[],click,All Clear,app://Calculator,,act,,,,False,right,,
q10-native-dev-20260924,calc-percent-s1_only-8ce79861,calc-percent,s1_only,2,s1,"Clear the calculator, then compute 15 percent of 240 using the percent key and leave the result on the display.",app://Calculator,54,click,0.94,1,0.68,1 (0.70); All Clear (0.24); Percent (0.05); 2 (0.01); Delete (0.00),0.02,0.07,0.08,0.07,"act: operation 0.94, target 0.68",[],click,1,app://Calculator,,target_confidence,,,,False,wrong,,
q10-native-dev-20260924,calc-percent-s1_only-8ce79861,calc-percent,s1_only,3,s1,"Clear the calculator, then compute 15 percent of 240 using the percent key and leave the result on the display.",app://Calculator,54,click,0.94,5,0.43,5 (0.45); Clear (0.36); 2 (0.08); Percent (0.07); 1 (0.03),0.02,0.1,0.08,0.07,target_confidence: target confidence 0.43 < 0.45,[],,,app://Calculator,,,,,,False,wrong,,
q10-native-dev-20260924,calc-percent-s1_only-a0fb30af,calc-percent,s1_only,1,s1,"Clear the calculator, then compute 15 percent of 240 using the percent key and leave the result on the display.",app://Calculator,54,click,0.98,All Clear,0.94,All Clear (0.94); 1 (0.05); Percent (0.01); Delete (0.00); Recall Memory (0.00),0.02,0.05,0.06,0.1,"act: operation 0.98, target 0.94",[],click,All Clear,app://Calculator,,act,,,,False,right,,
q10-native-dev-20260924,calc-percent-s1_only-a0fb30af,calc-percent,s1_only,2,s1,"Clear the calculator, then compute 15 percent of 240 using the percent key and leave the result on the display.",app://Calculator,54,click,0.94,1,0.69,1 (0.71); All Clear (0.23); Percent (0.05); 2 (0.01); Delete (0.00),0.02,0.08,0.07,0.06,"act: operation 0.94, target 0.69",[],click,1,app://Calculator,,act,,,,False,right,,
q10-native-dev-20260924,calc-percent-s1_only-a0fb30af,calc-percent,s1_only,3,s1,"Clear the calculator, then compute 15 percent of 240 using the percent key and leave the result on the display.",app://Calculator,54,click,0.94,5,0.46,5 (0.48); Clear (0.33); 2 (0.08); Percent (0.07); 3 (0.02),0.02,0.11,0.09,0.06,"act: operation 0.94, target 0.46",[],click,5,app://Calculator,,retry_alternate,,,,False,right,,
q10-native-dev-20260924,calc-percent-s1_only-a0fb30af,calc-percent,s1_only,4,s1,"Clear the calculator, then compute 15 percent of 240 using the percent key and leave the result on the display.",app://Calculator,54,click,0.95,Clear,0.34,Percent (0.37); Clear (0.24); Multiply (0.19); 2 (0.17); 0 (0.01),0.02,0.12,0.09,0.05,retry_alternate: retry_alternate: target confidence 0.34 < 0.45; alternate 8 p=0.24 within 0.15 of chosen p=0.37,[],click,Clear,app://Calculator,,retry_alternate,,,,False,right,,
q10-native-dev-20260924,calc-percent-s1_only-a0fb30af,calc-percent,s1_only,5,s1,"Clear the calculator, then compute 15 percent of 240 using the percent key and leave the result on the display.",app://Calculator,54,click,0.93,2,0.42,All Clear (0.44); 2 (0.30); 1 (0.12); Percent (0.08); Equals (0.01),0.02,0.79,0.09,0.07,retry_alternate: retry_alternate: target confidence 0.42 < 0.45; alternate 38 p=0.30 within 0.15 of chosen p=0.44,[],click,2,app://Calculator,,retry_alternate,,,,False,right,,
q10-native-dev-20260924,calc-percent-s1_only-a0fb30af,calc-percent,s1_only,6,s1,"Clear the calculator, then compute 15 percent of 240 using the percent key and leave the result on the display.",app://Calculator,54,click,0.92,3,0.32,Clear (0.35); 3 (0.26); 2 (0.11); Percent (0.06); 0 (0.05),0.02,0.71,0.1,0.08,retry_alternate: retry_alternate: target confidence 0.32 < 0.45; alternate 39 p=0.26 within 0.15 of chosen p=0.35,[],click,3,app://Calculator,,retry_alternate,,,,False,right,,
q10-native-dev-20260924,calc-percent-s1_only-a0fb30af,calc-percent,s1_only,7,s1,"Clear the calculator, then compute 15 percent of 240 using the percent key and leave the result on the display.",app://Calculator,54,click,0.9,Clear,0.23,Percent (0.26); Clear (0.25); 0 (0.22); 4 (0.11); Multiply (0.05),0.02,0.72,0.1,0.09,retry_alternate: retry_alternate: target confidence 0.23 < 0.45; alternate 8 p=0.25 within 0.15 of chosen p=0.26,[],click,Clear,app://Calculator,,stuck,,,,False,wrong,,
q10-native-dev-20260924,calc-percent-s1_only-a0fb30af,calc-percent,s1_only,8,s1,"Clear the calculator, then compute 15 percent of 240 using the percent key and leave the result on the display.",app://Calculator,54,click,0.93,All Clear,0.56,All Clear (0.58); Percent (0.11); 1 (0.09); 0 (0.06); 2 (0.04),0.02,0.93,0.09,0.08,stuck: stuck 0.93 >= 0.85 at step 8,[],,,app://Calculator,,,,,,False,wrong,,
q10-native-dev-20260924,calc-percent-s1_only-a3a6d193,calc-percent,s1_only,1,s1,"Clear the calculator, then compute 15 percent of 240 using the percent key and leave the result on the display.",app://Calculator,54,click,0.98,All Clear,0.93,All Clear (0.94); 1 (0.05); Percent (0.01); Delete (0.00); Recall Memory (0.00),0.02,0.04,0.06,0.09,"act: operation 0.98, target 0.93",[],click,All Clear,app://Calculator,,act,,,,False,right,,
q10-native-dev-20260924,calc-percent-s1_only-a3a6d193,calc-percent,s1_only,2,s1,"Clear the calculator, then compute 15 percent of 240 using the percent key and leave the result on the display.",app://Calculator,54,click,0.94,1,0.7,1 (0.72); All Clear (0.23); Percent (0.04); 2 (0.01); Delete (0.00),0.02,0.07,0.08,0.06,"act: operation 0.94, target 0.7",[],click,1,app://Calculator,,act,,,,False,right,,
q10-native-dev-20260924,calc-percent-s1_only-a3a6d193,calc-percent,s1_only,3,s1,"Clear the calculator, then compute 15 percent of 240 using the percent key and leave the result on the display.",app://Calculator,54,click,0.95,5,0.5,5 (0.52); Clear (0.32); 2 (0.07); Percent (0.05); 3 (0.02),0.02,0.1,0.09,0.06,"act: operation 0.95, target 0.5",[],click,5,app://Calculator,,retry_alternate,,,,False,right,,
q10-native-dev-20260924,calc-percent-s1_only-a3a6d193,calc-percent,s1_only,4,s1,"Clear the calculator, then compute 15 percent of 240 using the percent key and leave the result on the display.",app://Calculator,54,click,0.95,Clear,0.38,Percent (0.40); Clear (0.26); 2 (0.16); Multiply (0.14); 0 (0.01),0.02,0.11,0.09,0.06,retry_alternate: retry_alternate: target confidence 0.38 < 0.45; alternate 8 p=0.26 within 0.15 of chosen p=0.40,[],click,Clear,app://Calculator,,retry_alternate,,,,False,right,,
q10-native-dev-20260924,calc-percent-s1_only-a3a6d193,calc-percent,s1_only,5,s1,"Clear the calculator, then compute 15 percent of 240 using the percent key and leave the result on the display.",app://Calculator,54,click,0.93,2,0.41,All Clear (0.43); 2 (0.33); Percent (0.11); 1 (0.08); 0 (0.01),0.02,0.82,0.08,0.06,retry_alternate: retry_alternate: target confidence 0.41 < 0.45; alternate 38 p=0.33 within 0.15 of chosen p=0.43,[],click,2,app://Calculator,,target_confidence,,,,False,wrong,,
q10-native-dev-20260924,calc-percent-s1_only-a3a6d193,calc-percent,s1_only,6,s1,"Clear the calculator, then compute 15 percent of 240 using the percent key and leave the result on the display.",app://Calculator,54,click,0.92,Clear,0.38,Clear (0.40); 3 (0.21); 2 (0.08); Percent (0.06); 0 (0.06),0.02,0.73,0.1,0.07,target_confidence: target confidence 0.38 < 0.45,[],,,app://Calculator,,,,,,False,wrong,,
q10-native-dev-20260924,calc-read-result-dual-3f9a2fb3,calc-read-result,dual,1,s1,"Clear the calculator, compute 9 times 9 and report the result.",app://Calculator,54,click,0.99,All Clear,0.92,All Clear (0.93); 9 (0.07); Percent (0.00); Delete (0.00); Recall Memory (0.00),0.03,0.05,0.14,0.12,"act: operation 0.99, target 0.92",[],click,All Clear,app://Calculator,,act,,,,False,right,,
q10-native-dev-20260924,calc-read-result-dual-3f9a2fb3,calc-read-result,dual,2,s1,"Clear the calculator, compute 9 times 9 and report the result.",app://Calculator,54,click,0.98,9,0.87,9 (0.88); All Clear (0.12); Percent (0.00); Delete (0.00); Recall Memory (0.00),0.02,0.08,0.16,0.07,"act: operation 0.98, target 0.87",[],click,9,app://Calculator,,act,,,,False,right,,
q10-native-dev-20260924,calc-read-result-dual-3f9a2fb3,calc-read-result,dual,3,s1,"Clear the calculator, compute 9 times 9 and report the result.",app://Calculator,54,click,0.98,Multiply,0.67,Multiply (0.68); Clear (0.28); 9 (0.03); Percent (0.00); Delete (0.00),0.02,0.09,0.18,0.06,"act: operation 0.98, target 0.67",[],click,Multiply,app://Calculator,,act,,,,False,right,,
q10-native-dev-20260924,calc-read-result-dual-3f9a2fb3,calc-read-result,dual,4,s1,"Clear the calculator, compute 9 times 9 and report the result.",app://Calculator,54,click,0.99,9,0.87,9 (0.87); Clear (0.10); Equals (0.03); Percent (0.00); Delete (0.00),0.02,0.07,0.18,0.05,"act: operation 0.99, target 0.87",[],click,9,app://Calculator,,act,,,,False,right,,
q10-native-dev-20260924,calc-read-result-dual-3f9a2fb3,calc-read-result,dual,5,s1,"Clear the calculator, compute 9 times 9 and report the result.",app://Calculator,54,click,0.96,Equals,0.93,Equals (0.93); Clear (0.07); Percent (0.00); Delete (0.00); Recall Memory (0.00),0.04,0.34,0.29,0.06,"act: operation 0.96, target 0.93",[],click,Equals,app://Calculator,,"System 2 done refused, verification verify",,,,False,right,,
q10-native-dev-20260924,calc-read-result-dual-3f9a2fb3,calc-read-result,dual,6,s2,"Clear the calculator, compute 9 times 9 and report the result.",app://Calculator,54,done,0.96,,,,0.82,0.27,0.83,0.06,"System 2 done refused, verification verify: uncertain: complete p=0.49, max unmet p=0.21",[],,,app://Calculator,,"System 2 done refused, verification verify",verify,0.49,0.21,False,unknown,,
q10-native-dev-20260924,calc-read-result-dual-3f9a2fb3,calc-read-result,dual,7,s2,"Clear the calculator, compute 9 times 9 and report the result.",app://Calculator,54,done,0.94,,,,0.75,0.29,0.87,0.07,"System 2 done refused, verification verify: uncertain: complete p=0.49, max unmet p=0.22",[],,,app://Calculator,"s2 fatal: done refused 2 times; uncertain: complete p=0.49, max unmet p=0.22",,verify,0.49,0.22,False,unknown,,
q10-native-dev-20260924,calc-read-result-dual-414a11ec,calc-read-result,dual,1,s2,"Clear the calculator, compute 9 times 9 and report the result.",app://Calculator,54,done,0.62,,,,0.33,0.05,0.61,0.12,"System 2 done refused, verification verify: uncertain: complete p=0.53, max unmet p=0.17",[],,,app://Calculator,,"System 2 done refused, verification verify",verify,0.53,0.17,False,unknown,,
q10-native-dev-20260924,calc-read-result-dual-414a11ec,calc-read-result,dual,2,s2,"Clear the calculator, compute 9 times 9 and report the result.",app://Calculator,54,done,0.63,,,,0.29,0.14,0.68,0.14,"System 2 done refused, verification verify: uncertain: complete p=0.53, max unmet p=0.19",[],,,app://Calculator,"s2 fatal: done refused 2 times; uncertain: complete p=0.53, max unmet p=0.19",,verify,0.53,0.19,False,unknown,,
q10-native-dev-20260924,calc-read-result-dual-49bdb107,calc-read-result,dual,1,s1,"Clear the calculator, compute 9 times 9 and report the result.",app://Calculator,54,click,0.99,All Clear,0.93,All Clear (0.93); 9 (0.07); Percent (0.00); Delete (0.00); Recall Memory (0.00),0.03,0.05,0.14,0.1,"act: operation 0.99, target 0.93",[],click,All Clear,app://Calculator,,act,,,,False,right,,
q10-native-dev-20260924,calc-read-result-dual-49bdb107,calc-read-result,dual,2,s1,"Clear the calculator, compute 9 times 9 and report the result.",app://Calculator,54,click,0.98,9,0.85,9 (0.86); All Clear (0.14); Percent (0.00); Delete (0.00); Recall Memory (0.00),0.02,0.08,0.15,0.07,"act: operation 0.98, target 0.85",[],click,9,app://Calculator,,act,,,,False,right,,
q10-native-dev-20260924,calc-read-result-dual-49bdb107,calc-read-result,dual,3,s1,"Clear the calculator, compute 9 times 9 and report the result.",app://Calculator,54,click,0.98,Multiply,0.74,Multiply (0.75); Clear (0.22); 9 (0.03); Percent (0.00); Delete (0.00),0.02,0.08,0.18,0.06,"act: operation 0.98, target 0.74",[],click,Multiply,app://Calculator,,act,,,,False,right,,
q10-native-dev-20260924,calc-read-result-dual-49bdb107,calc-read-result,dual,4,s1,"Clear the calculator, compute 9 times 9 and report the result.",app://Calculator,54,click,0.99,9,0.83,9 (0.84); Clear (0.12); Equals (0.04); Percent (0.00); Delete (0.00),0.02,0.08,0.18,0.05,"act: operation 0.99, target 0.83",[],click,9,app://Calculator,,act,,,,False,right,,
q10-native-dev-20260924,calc-read-result-dual-49bdb107,calc-read-result,dual,5,s1,"Clear the calculator, compute 9 times 9 and report the result.",app://Calculator,54,click,0.96,Equals,0.93,Equals (0.94); Clear (0.06); Percent (0.00); Delete (0.00); Recall Memory (0.00),0.04,0.33,0.31,0.05,"act: operation 0.96, target 0.93",[],click,Equals,app://Calculator,,"System 2 done refused, verification verify",,,,False,right,,
q10-native-dev-20260924,calc-read-result-dual-49bdb107,calc-read-result,dual,6,s2,"Clear the calculator, compute 9 times 9 and report the result.",app://Calculator,54,done,0.97,,,,0.86,0.27,0.84,0.06,"System 2 done refused, verification verify: uncertain: complete p=0.46, max unmet p=0.23",[],,,app://Calculator,,"System 2 done refused, verification verify",verify,0.46,0.23,False,unknown,,
q10-native-dev-20260924,calc-read-result-dual-49bdb107,calc-read-result,dual,7,s2,"Clear the calculator, compute 9 times 9 and report the result.",app://Calculator,54,done,0.91,,,,0.73,0.27,0.85,0.07,"System 2 done refused, verification verify: uncertain: complete p=0.45, max unmet p=0.21",[],,,app://Calculator,"s2 fatal: done refused 2 times; uncertain: complete p=0.45, max unmet p=0.21",,verify,0.45,0.21,False,unknown,,
q10-native-dev-20260924,calc-read-result-s1_only-a419e0fb,calc-read-result,s1_only,1,s1,"Clear the calculator, compute 9 times 9 and report the result.",app://Calculator,54,done,0.68,,,,0.32,0.05,0.58,0.12,done without an answer on an answer task; not verified,[],,,app://Calculator,,,,,,False,wrong,,
q10-native-dev-20260924,calc-read-result-s1_only-bb087f20,calc-read-result,s1_only,1,s1,"Clear the calculator, compute 9 times 9 and report the result.",app://Calculator,54,click,0.99,All Clear,0.89,All Clear (0.90); 9 (0.10); Percent (0.00); Delete (0.00); Recall Memory (0.00),0.02,0.05,0.14,0.1,"act: operation 0.99, target 0.89",[],click,All Clear,app://Calculator,,act,,,,False,right,,
q10-native-dev-20260924,calc-read-result-s1_only-bb087f20,calc-read-result,s1_only,2,s1,"Clear the calculator, compute 9 times 9 and report the result.",app://Calculator,54,click,0.98,9,0.87,9 (0.88); All Clear (0.12); Percent (0.00); Delete (0.00); Recall Memory (0.00),0.02,0.08,0.17,0.08,"act: operation 0.98, target 0.87",[],click,9,app://Calculator,,act,,,,False,right,,
q10-native-dev-20260924,calc-read-result-s1_only-bb087f20,calc-read-result,s1_only,3,s1,"Clear the calculator, compute 9 times 9 and report the result.",app://Calculator,54,click,0.98,Multiply,0.67,Multiply (0.68); Clear (0.27); 9 (0.04); Percent (0.00); Delete (0.00),0.02,0.09,0.19,0.05,"act: operation 0.98, target 0.67",[],click,Multiply,app://Calculator,,act,,,,False,right,,
q10-native-dev-20260924,calc-read-result-s1_only-bb087f20,calc-read-result,s1_only,4,s1,"Clear the calculator, compute 9 times 9 and report the result.",app://Calculator,54,click,0.99,9,0.84,9 (0.85); Clear (0.10); Equals (0.05); Percent (0.00); Delete (0.00),0.02,0.08,0.19,0.05,"act: operation 0.99, target 0.84",[],click,9,app://Calculator,,act,,,,False,right,,
q10-native-dev-20260924,calc-read-result-s1_only-bb087f20,calc-read-result,s1_only,5,s1,"Clear the calculator, compute 9 times 9 and report the result.",app://Calculator,54,click,0.97,Equals,0.94,Equals (0.94); Clear (0.06); Percent (0.00); Delete (0.00); Recall Memory (0.00),0.04,0.31,0.3,0.05,"act: operation 0.97, target 0.94",[],click,Equals,app://Calculator,,done without an answer on an answer task; not verified,,,,False,wrong,,
q10-native-dev-20260924,calc-read-result-s1_only-bb087f20,calc-read-result,s1_only,6,s1,"Clear the calculator, compute 9 times 9 and report the result.",app://Calculator,54,done,0.97,,,,0.85,0.26,0.85,0.06,done without an answer on an answer task; not verified,[],,,app://Calculator,,,,,,False,wrong,,
q10-native-dev-20260924,calc-read-result-s1_only-c625d856,calc-read-result,s1_only,1,s1,"Clear the calculator, compute 9 times 9 and report the result.",app://Calculator,54,click,0.99,All Clear,0.93,All Clear (0.94); 9 (0.06); Percent (0.00); Delete (0.00); Recall Memory (0.00),0.02,0.05,0.14,0.11,"act: operation 0.99, target 0.93",[],click,All Clear,app://Calculator,,act,,,,False,right,,
q10-native-dev-20260924,calc-read-result-s1_only-c625d856,calc-read-result,s1_only,2,s1,"Clear the calculator, compute 9 times 9 and report the result.",app://Calculator,54,click,0.97,9,0.89,9 (0.90); All Clear (0.10); Percent (0.00); Delete (0.00); Recall Memory (0.00),0.02,0.08,0.18,0.07,"act: operation 0.97, target 0.89",[],click,9,app://Calculator,,act,,,,False,right,,
q10-native-dev-20260924,calc-read-result-s1_only-c625d856,calc-read-result,s1_only,3,s1,"Clear the calculator, compute 9 times 9 and report the result.",app://Calculator,54,click,0.98,Multiply,0.57,Multiply (0.59); Clear (0.37); 9 (0.04); Percent (0.00); Delete (0.00),0.02,0.09,0.19,0.07,"act: operation 0.98, target 0.57",[],click,Multiply,app://Calculator,,act,,,,False,right,,
q10-native-dev-20260924,calc-read-result-s1_only-c625d856,calc-read-result,s1_only,4,s1,"Clear the calculator, compute 9 times 9 and report the result.",app://Calculator,54,click,0.99,9,0.85,9 (0.85); Clear (0.11); Equals (0.04); Percent (0.00); Delete (0.00),0.02,0.08,0.16,0.05,"act: operation 0.99, target 0.85",[],click,9,app://Calculator,,act,,,,False,right,,
q10-native-dev-20260924,calc-read-result-s1_only-c625d856,calc-read-result,s1_only,5,s1,"Clear the calculator, compute 9 times 9 and report the result.",app://Calculator,54,click,0.95,Equals,0.93,Equals (0.94); Clear (0.06); Percent (0.00); Delete (0.00); Recall Memory (0.00),0.03,0.37,0.27,0.05,"act: operation 0.95, target 0.93",[],click,Equals,app://Calculator,,done without an answer on an answer task; not verified,,,,False,wrong,,
q10-native-dev-20260924,calc-read-result-s1_only-c625d856,calc-read-result,s1_only,6,s1,"Clear the calculator, compute 9 times 9 and report the result.",app://Calculator,54,done,0.97,,,,0.84,0.27,0.82,0.06,done without an answer on an answer task; not verified,[],,,app://Calculator,,,,,,False,wrong,,
q10-native-dev-20260924,calc-subtract-dual-64cb6712,calc-subtract,dual,1,s1,"Clear the calculator, then compute 250 minus 75 and leave the result on the display.",app://Calculator,54,click,0.98,All Clear,0.95,All Clear (0.96); 2 (0.04); Percent (0.00); Delete (0.00); Recall Memory (0.00),0.03,0.04,0.06,0.14,"act: operation 0.98, target 0.95",[],click,All Clear,app://Calculator,,act,,,,True,right,,
q10-native-dev-20260924,calc-subtract-dual-64cb6712,calc-subtract,dual,2,s1,"Clear the calculator, then compute 250 minus 75 and leave the result on the display.",app://Calculator,54,click,0.94,2,0.84,2 (0.85); All Clear (0.13); Subtract (0.01); 5 (0.01); Percent (0.00),0.02,0.08,0.07,0.08,"act: operation 0.94, target 0.84",[],click,2,app://Calculator,,act,,,,True,right,,
q10-native-dev-20260924,calc-subtract-dual-64cb6712,calc-subtract,dual,3,s1,"Clear the calculator, then compute 250 minus 75 and leave the result on the display.",app://Calculator,54,click,0.96,5,0.47,5 (0.49); Clear (0.37); 0 (0.06); 2 (0.04); Subtract (0.02),0.02,0.09,0.1,0.09,"act: operation 0.96, target 0.47",[],click,5,app://Calculator,,act,,,,True,right,,
q10-native-dev-20260924,calc-subtract-dual-64cb6712,calc-subtract,dual,4,s1,"Clear the calculator, then compute 250 minus 75 and leave the result on the display.",app://Calculator,54,click,0.95,0,0.66,0 (0.67); Subtract (0.16); Clear (0.14); Equals (0.01); 7 (0.01),0.02,0.1,0.1,0.08,"act: operation 0.95, target 0.66",[],click,0,app://Calculator,,act,,,,True,right,,
q10-native-dev-20260924,calc-subtract-dual-64cb6712,calc-subtract,dual,5,s1,"Clear the calculator, then compute 250 minus 75 and leave the result on the display.",app://Calculator,54,click,0.97,Subtract,0.84,Subtract (0.86); Clear (0.11); 7 (0.03); Percent (0.00); Delete (0.00),0.03,0.1,0.07,0.07,"act: operation 0.97, target 0.84",[],click,Subtract,app://Calculator,,act,,,,True,right,,
q10-native-dev-20260924,calc-subtract-dual-64cb6712,calc-subtract,dual,6,s1,"Clear the calculator, then compute 250 minus 75 and leave the result on the display.",app://Calculator,54,click,0.98,7,0.91,7 (0.92); Clear (0.03); Equals (0.03); 3 (0.02); Percent (0.00),0.05,0.09,0.08,0.06,"act: operation 0.98, target 0.91",[],click,7,app://Calculator,,act,,,,True,right,,
q10-native-dev-20260924,calc-subtract-dual-64cb6712,calc-subtract,dual,7,s1,"Clear the calculator, then compute 250 minus 75 and leave the result on the display.",app://Calculator,54,click,0.98,5,0.86,5 (0.88); Clear (0.08); Equals (0.02); 0 (0.01); 7 (0.01),0.03,0.11,0.1,0.06,"act: operation 0.98, target 0.86",[],click,5,app://Calculator,,act,,,,True,right,,
q10-native-dev-20260924,calc-subtract-dual-64cb6712,calc-subtract,dual,8,s1,"Clear the calculator, then compute 250 minus 75 and leave the result on the display.",app://Calculator,54,click,0.71,Equals,0.93,Equals (0.94); Clear (0.06); Percent (0.00); Delete (0.00); Recall Memory (0.00),0.16,0.26,0.13,0.07,"act: operation 0.71, target 0.93",[],click,Equals,app://Calculator,,"System 2 done refused, verification verify",,,,True,right,,
q10-native-dev-20260924,calc-subtract-dual-64cb6712,calc-subtract,dual,9,s2,"Clear the calculator, then compute 250 minus 75 and leave the result on the display.",app://Calculator,54,done,0.93,,,,0.6,0.22,0.55,0.07,"System 2 done refused, verification verify: uncertain: complete p=0.76, max unmet p=0.45",[],,,app://Calculator,,"System 2 done refused, verification verify",verify,0.76,0.45,True,unknown,,
q10-native-dev-20260924,calc-subtract-dual-64cb6712,calc-subtract,dual,10,s2,"Clear the calculator, then compute 250 minus 75 and leave the result on the display.",app://Calculator,54,done,0.81,,,,0.57,0.39,0.42,0.12,"System 2 done refused, verification verify: uncertain: complete p=0.68, max unmet p=0.45; ledger carried 1 requirement(s",[],,,app://Calculator,"s2 fatal: done refused 2 times; uncertain: complete p=0.68, max unmet p=0.45; le",,verify,0.68,0.45,True,unknown,,
q10-native-dev-20260924,calc-subtract-dual-ba3ec6d7,calc-subtract,dual,1,s1,"Clear the calculator, then compute 250 minus 75 and leave the result on the display.",app://Calculator,54,click,0.99,All Clear,0.93,All Clear (0.94); 2 (0.06); Percent (0.00); Delete (0.00); Recall Memory (0.00),0.03,0.04,0.06,0.12,"act: operation 0.99, target 0.93",[],click,All Clear,app://Calculator,,act,,,,True,right,,
q10-native-dev-20260924,calc-subtract-dual-ba3ec6d7,calc-subtract,dual,2,s1,"Clear the calculator, then compute 250 minus 75 and leave the result on the display.",app://Calculator,54,click,0.95,2,0.86,2 (0.88); All Clear (0.10); Subtract (0.01); 5 (0.01); Percent (0.00),0.02,0.08,0.07,0.08,"act: operation 0.95, target 0.86",[],click,2,app://Calculator,,retry_alternate,,,,True,right,,
q10-native-dev-20260924,calc-subtract-dual-ba3ec6d7,calc-subtract,dual,3,s1,"Clear the calculator, then compute 250 minus 75 and leave the result on the display.",app://Calculator,54,click,0.94,5,0.41,Clear (0.44); 5 (0.38); 0 (0.07); 2 (0.06); Subtract (0.02),0.02,0.09,0.09,0.08,retry_alternate: retry_alternate: target confidence 0.41 < 0.45; alternate 28 p=0.38 within 0.15 of chosen p=0.44,[],click,5,app://Calculator,,act,,,,True,right,,
q10-native-dev-20260924,calc-subtract-dual-ba3ec6d7,calc-subtract,dual,4,s1,"Clear the calculator, then compute 250 minus 75 and leave the result on the display.",app://Calculator,54,click,0.94,0,0.66,0 (0.67); Clear (0.19); Subtract (0.13); 7 (0.01); Percent (0.00),0.02,0.11,0.1,0.08,"act: operation 0.94, target 0.66",[],click,0,app://Calculator,,act,,,,True,right,,
q10-native-dev-20260924,calc-subtract-dual-ba3ec6d7,calc-subtract,dual,5,s1,"Clear the calculator, then compute 250 minus 75 and leave the result on the display.",app://Calculator,54,click,0.97,Subtract,0.87,Subtract (0.88); Clear (0.09); 7 (0.03); Percent (0.00); Delete (0.00),0.03,0.1,0.08,0.07,"act: operation 0.97, target 0.87",[],click,Subtract,app://Calculator,,act,,,,True,right,,
q10-native-dev-20260924,calc-subtract-dual-ba3ec6d7,calc-subtract,dual,6,s1,"Clear the calculator, then compute 250 minus 75 and leave the result on the display.",app://Calculator,54,click,0.97,7,0.9,7 (0.92); Clear (0.04); Equals (0.02); 3 (0.02); Percent (0.00),0.06,0.09,0.09,0.06,"act: operation 0.97, target 0.9",[],click,7,app://Calculator,,act,,,,True,right,,
q10-native-dev-20260924,calc-subtract-dual-ba3ec6d7,calc-subtract,dual,7,s1,"Clear the calculator, then compute 250 minus 75 and leave the result on the display.",app://Calculator,54,click,0.97,5,0.8,5 (0.82); Clear (0.09); 7 (0.04); Equals (0.02); Delete (0.01),0.04,0.11,0.1,0.08,"act: operation 0.97, target 0.8",[],click,5,app://Calculator,,act,,,,True,right,,
q10-native-dev-20260924,calc-subtract-dual-ba3ec6d7,calc-subtract,dual,8,s1,"Clear the calculator, then compute 250 minus 75 and leave the result on the display.",app://Calculator,54,click,0.78,Equals,0.95,Equals (0.96); Clear (0.04); Percent (0.00); Delete (0.00); Recall Memory (0.00),0.13,0.28,0.13,0.07,"act: operation 0.78, target 0.95",[],click,Equals,app://Calculator,,"System 2 done refused, verification verify",,,,True,right,,
q10-native-dev-20260924,calc-subtract-dual-ba3ec6d7,calc-subtract,dual,9,s2,"Clear the calculator, then compute 250 minus 75 and leave the result on the display.",app://Calculator,54,done,0.92,,,,0.54,0.26,0.59,0.07,"System 2 done refused, verification verify: uncertain: complete p=0.73, max unmet p=0.42; ledger carried 1 requirement(s",[],,,app://Calculator,,"System 2 done refused, verification verify",verify,0.73,0.42,True,unknown,,
q10-native-dev-20260924,calc-subtract-dual-ba3ec6d7,calc-subtract,dual,10,s2,"Clear the calculator, then compute 250 minus 75 and leave the result on the display.",app://Calculator,54,done,0.79,,,,0.53,0.41,0.46,0.13,"System 2 done refused, verification verify: uncertain: complete p=0.71, max unmet p=0.42; ledger carried 1 requirement(s",[],,,app://Calculator,"s2 fatal: done refused 2 times; uncertain: complete p=0.71, max unmet p=0.42; le",,verify,0.71,0.42,True,unknown,,
q10-native-dev-20260924,calc-subtract-dual-d258513c,calc-subtract,dual,1,s1,"Clear the calculator, then compute 250 minus 75 and leave the result on the display.",app://Calculator,54,click,0.98,All Clear,0.93,All Clear (0.94); 2 (0.06); Percent (0.00); Delete (0.00); Recall Memory (0.00),0.02,0.04,0.06,0.11,"act: operation 0.98, target 0.93",[],click,All Clear,app://Calculator,,act,,,,True,right,,
q10-native-dev-20260924,calc-subtract-dual-d258513c,calc-subtract,dual,2,s1,"Clear the calculator, then compute 250 minus 75 and leave the result on the display.",app://Calculator,54,click,0.94,2,0.82,2 (0.83); All Clear (0.15); Subtract (0.01); 5 (0.01); Percent (0.00),0.02,0.08,0.07,0.08,"act: operation 0.94, target 0.82",[],click,2,app://Calculator,,act,,,,True,right,,
q10-native-dev-20260924,calc-subtract-dual-d258513c,calc-subtract,dual,3,s1,"Clear the calculator, then compute 250 minus 75 and leave the result on the display.",app://Calculator,54,click,0.95,5,0.58,5 (0.60); Clear (0.27); 0 (0.06); 2 (0.03); Subtract (0.02),0.02,0.09,0.09,0.09,"act: operation 0.95, target 0.58",[],click,5,app://Calculator,,act,,,,True,right,,
q10-native-dev-20260924,calc-subtract-dual-d258513c,calc-subtract,dual,4,s1,"Clear the calculator, then compute 250 minus 75 and leave the result on the display.",app://Calculator,54,click,0.95,0,0.62,0 (0.64); Clear (0.21); Subtract (0.13); Equals (0.01); 7 (0.01),0.02,0.1,0.11,0.09,"act: operation 0.95, target 0.62",[],click,0,app://Calculator,,act,,,,True,right,,
q10-native-dev-20260924,calc-subtract-dual-d258513c,calc-subtract,dual,5,s1,"Clear the calculator, then compute 250 minus 75 and leave the result on the display.",app://Calculator,54,click,0.98,Subtract,0.88,Subtract (0.89); Clear (0.08); 7 (0.03); Percent (0.00); Delete (0.00),0.03,0.09,0.08,0.08,"act: operation 0.98, target 0.88",[],click,Subtract,app://Calculator,,act,,,,True,right,,
q10-native-dev-20260924,calc-subtract-dual-d258513c,calc-subtract,dual,6,s1,"Clear the calculator, then compute 250 minus 75 and leave the result on the display.",app://Calculator,54,click,0.97,7,0.94,7 (0.95); Clear (0.03); Equals (0.02); Percent (0.00); Delete (0.00),0.06,0.09,0.08,0.06,"act: operation 0.97, target 0.94",[],click,7,app://Calculator,,act,,,,True,right,,
q10-native-dev-20260924,calc-subtract-dual-d258513c,calc-subtract,dual,7,s1,"Clear the calculator, then compute 250 minus 75 and leave the result on the display.",app://Calculator,54,click,0.98,5,0.76,5 (0.77); Clear (0.14); Equals (0.05); 0 (0.02); 7 (0.02),0.04,0.11,0.1,0.07,"act: operation 0.98, target 0.76",[],click,5,app://Calculator,,act,,,,True,right,,
q10-native-dev-20260924,calc-subtract-dual-d258513c,calc-subtract,dual,8,s1,"Clear the calculator, then compute 250 minus 75 and leave the result on the display.",app://Calculator,54,click,0.68,Equals,0.92,Equals (0.93); Clear (0.07); Percent (0.00); Delete (0.00); Recall Memory (0.00),0.2,0.27,0.14,0.07,"act: operation 0.68, target 0.92",[],click,Equals,app://Calculator,,"System 2 done refused, verification verify",,,,True,right,,
q10-native-dev-20260924,calc-subtract-dual-d258513c,calc-subtract,dual,9,s2,"Clear the calculator, then compute 250 minus 75 and leave the result on the display.",app://Calculator,54,done,0.95,,,,0.62,0.23,0.56,0.07,"System 2 done refused, verification verify: uncertain: complete p=0.74, max unmet p=0.45; ledger carried 1 requirement(s",[],,,app://Calculator,,"System 2 done refused, verification verify",verify,0.74,0.45,True,unknown,,
q10-native-dev-20260924,calc-subtract-dual-d258513c,calc-subtract,dual,10,s2,"Clear the calculator, then compute 250 minus 75 and leave the result on the display.",app://Calculator,54,done,0.87,,,,0.6,0.41,0.4,0.13,"System 2 done refused, verification verify: uncertain: complete p=0.72, max unmet p=0.37; ledger carried 1 requirement(s",[],,,app://Calculator,"s2 fatal: done refused 2 times; uncertain: complete p=0.72, max unmet p=0.37; le",,verify,0.72,0.37,True,unknown,,
q10-native-dev-20260924,calc-subtract-s1_only-5fb794b4,calc-subtract,s1_only,1,s1,"Clear the calculator, then compute 250 minus 75 and leave the result on the display.",app://Calculator,54,click,0.98,All Clear,0.95,All Clear (0.95); 2 (0.05); Percent (0.00); Delete (0.00); Recall Memory (0.00),0.03,0.05,0.06,0.13,"act: operation 0.98, target 0.95",[],click,All Clear,app://Calculator,,act,,,,False,right,,
q10-native-dev-20260924,calc-subtract-s1_only-5fb794b4,calc-subtract,s1_only,2,s1,"Clear the calculator, then compute 250 minus 75 and leave the result on the display.",app://Calculator,54,click,0.95,2,0.83,2 (0.84); All Clear (0.14); Subtract (0.01); 5 (0.01); Percent (0.00),0.02,0.08,0.07,0.08,"act: operation 0.95, target 0.83",[],click,2,app://Calculator,,act,,,,False,right,,
q10-native-dev-20260924,calc-subtract-s1_only-5fb794b4,calc-subtract,s1_only,3,s1,"Clear the calculator, then compute 250 minus 75 and leave the result on the display.",app://Calculator,54,click,0.94,5,0.51,5 (0.53); Clear (0.33); 0 (0.07); 2 (0.03); 1 (0.01),0.02,0.09,0.08,0.09,"act: operation 0.94, target 0.51",[],click,5,app://Calculator,,act,,,,False,right,,
q10-native-dev-20260924,calc-subtract-s1_only-5fb794b4,calc-subtract,s1_only,4,s1,"Clear the calculator, then compute 250 minus 75 and leave the result on the display.",app://Calculator,54,click,0.94,0,0.6,0 (0.62); Clear (0.23); Subtract (0.14); 7 (0.01); Percent (0.00),0.02,0.1,0.1,0.08,"act: operation 0.94, target 0.6",[],click,0,app://Calculator,,act,,,,False,right,,
q10-native-dev-20260924,calc-subtract-s1_only-5fb794b4,calc-subtract,s1_only,5,s1,"Clear the calculator, then compute 250 minus 75 and leave the result on the display.",app://Calculator,54,click,0.98,Subtract,0.9,Subtract (0.91); Clear (0.07); 7 (0.02); Percent (0.00); Delete (0.00),0.04,0.1,0.07,0.07,"act: operation 0.98, target 0.9",[],click,Subtract,app://Calculator,,act,,,,False,right,,
q10-native-dev-20260924,calc-subtract-s1_only-5fb794b4,calc-subtract,s1_only,6,s1,"Clear the calculator, then compute 250 minus 75 and leave the result on the display.",app://Calculator,54,click,0.97,7,0.95,7 (0.96); Clear (0.02); Equals (0.02); Percent (0.00); Delete (0.00),0.05,0.08,0.08,0.06,"act: operation 0.97, target 0.95",[],click,7,app://Calculator,,act,,,,False,right,,
q10-native-dev-20260924,calc-subtract-s1_only-5fb794b4,calc-subtract,s1_only,7,s1,"Clear the calculator, then compute 250 minus 75 and leave the result on the display.",app://Calculator,54,click,0.97,5,0.8,5 (0.81); Clear (0.12); Equals (0.03); 7 (0.02); 0 (0.01),0.04,0.11,0.11,0.07,"act: operation 0.97, target 0.8",[],click,5,app://Calculator,,act,,,,False,right,,
q10-native-dev-20260924,calc-subtract-s1_only-5fb794b4,calc-subtract,s1_only,8,s1,"Clear the calculator, then compute 250 minus 75 and leave the result on the display.",app://Calculator,54,click,0.74,Equals,0.94,Equals (0.95); Clear (0.05); Percent (0.00); Delete (0.00); Recall Memory (0.00),0.17,0.28,0.13,0.07,"act: operation 0.74, target 0.94",[],click,Equals,app://Calculator,,verification verify,,,,False,wrong,,
q10-native-dev-20260924,calc-subtract-s1_only-5fb794b4,calc-subtract,s1_only,9,s1,"Clear the calculator, then compute 250 minus 75 and leave the result on the display.",app://Calculator,54,done,0.93,,,,0.61,0.25,0.53,0.08,"verification verify: uncertain: complete p=0.71, max unmet p=0.46",[],,,app://Calculator,,,verify,0.71,0.46,False,wrong,,
q10-native-dev-20260924,calc-subtract-s1_only-a4fe9051,calc-subtract,s1_only,1,s1,"Clear the calculator, then compute 250 minus 75 and leave the result on the display.",app://Calculator,54,click,0.99,All Clear,0.95,All Clear (0.96); 2 (0.04); Percent (0.00); Delete (0.00); Recall Memory (0.00),0.02,0.04,0.06,0.13,"act: operation 0.99, target 0.95",[],click,All Clear,app://Calculator,,act,,,,False,right,,
q10-native-dev-20260924,calc-subtract-s1_only-a4fe9051,calc-subtract,s1_only,2,s1,"Clear the calculator, then compute 250 minus 75 and leave the result on the display.",app://Calculator,54,click,0.94,2,0.82,2 (0.84); All Clear (0.14); Subtract (0.01); 5 (0.01); Percent (0.00),0.03,0.08,0.07,0.1,"act: operation 0.94, target 0.82",[],click,2,app://Calculator,,target_confidence,,,,False,wrong,,
q10-native-dev-20260924,calc-subtract-s1_only-a4fe9051,calc-subtract,s1_only,3,s1,"Clear the calculator, then compute 250 minus 75 and leave the result on the display.",app://Calculator,54,click,0.96,5,0.43,5 (0.45); Clear (0.37); 0 (0.07); 2 (0.05); 1 (0.02),0.02,0.09,0.1,0.07,target_confidence: target confidence 0.43 < 0.45,[],,,app://Calculator,,,,,,False,wrong,,
q10-native-dev-20260924,calc-subtract-s1_only-f21dc52e,calc-subtract,s1_only,1,s1,"Clear the calculator, then compute 250 minus 75 and leave the result on the display.",app://Calculator,54,click,0.99,All Clear,0.94,All Clear (0.94); 2 (0.06); Percent (0.00); Delete (0.00); Recall Memory (0.00),0.02,0.05,0.06,0.13,"act: operation 0.99, target 0.94",[],click,All Clear,app://Calculator,,act,,,,False,right,,
q10-native-dev-20260924,calc-subtract-s1_only-f21dc52e,calc-subtract,s1_only,2,s1,"Clear the calculator, then compute 250 minus 75 and leave the result on the display.",app://Calculator,54,click,0.94,2,0.85,2 (0.86); All Clear (0.12); Subtract (0.01); 5 (0.01); Percent (0.00),0.02,0.08,0.07,0.09,"act: operation 0.94, target 0.85",[],click,2,app://Calculator,,act,,,,False,right,,
q10-native-dev-20260924,calc-subtract-s1_only-f21dc52e,calc-subtract,s1_only,3,s1,"Clear the calculator, then compute 250 minus 75 and leave the result on the display.",app://Calculator,54,click,0.95,5,0.52,5 (0.54); Clear (0.33); 0 (0.05); 2 (0.03); Subtract (0.02),0.02,0.09,0.09,0.06,"act: operation 0.95, target 0.52",[],click,5,app://Calculator,,act,,,,False,right,,
q10-native-dev-20260924,calc-subtract-s1_only-f21dc52e,calc-subtract,s1_only,4,s1,"Clear the calculator, then compute 250 minus 75 and leave the result on the display.",app://Calculator,54,click,0.95,0,0.64,0 (0.66); Clear (0.20); Subtract (0.13); 7 (0.01); Percent (0.00),0.02,0.11,0.11,0.1,"act: operation 0.95, target 0.64",[],click,0,app://Calculator,,act,,,,False,right,,
q10-native-dev-20260924,calc-subtract-s1_only-f21dc52e,calc-subtract,s1_only,5,s1,"Clear the calculator, then compute 250 minus 75 and leave the result on the display.",app://Calculator,54,click,0.98,Subtract,0.89,Subtract (0.90); Clear (0.07); 7 (0.03); Percent (0.00); Delete (0.00),0.03,0.1,0.08,0.08,"act: operation 0.98, target 0.89",[],click,Subtract,app://Calculator,,act,,,,False,right,,
q10-native-dev-20260924,calc-subtract-s1_only-f21dc52e,calc-subtract,s1_only,6,s1,"Clear the calculator, then compute 250 minus 75 and leave the result on the display.",app://Calculator,54,click,0.97,7,0.95,7 (0.96); Clear (0.02); Equals (0.01); 3 (0.01); Percent (0.00),0.08,0.09,0.08,0.06,"act: operation 0.97, target 0.95",[],click,7,app://Calculator,,act,,,,False,right,,
q10-native-dev-20260924,calc-subtract-s1_only-f21dc52e,calc-subtract,s1_only,7,s1,"Clear the calculator, then compute 250 minus 75 and leave the result on the display.",app://Calculator,54,click,0.98,5,0.78,5 (0.80); Clear (0.13); Equals (0.03); 7 (0.02); 0 (0.01),0.03,0.11,0.1,0.07,"act: operation 0.98, target 0.78",[],click,5,app://Calculator,,act,,,,False,right,,
q10-native-dev-20260924,calc-subtract-s1_only-f21dc52e,calc-subtract,s1_only,8,s1,"Clear the calculator, then compute 250 minus 75 and leave the result on the display.",app://Calculator,54,click,0.73,Equals,0.96,Equals (0.97); Clear (0.03); Percent (0.00); Delete (0.00); Recall Memory (0.00),0.15,0.25,0.12,0.07,"act: operation 0.73, target 0.96",[],click,Equals,app://Calculator,,verification verify,,,,False,wrong,,
q10-native-dev-20260924,calc-subtract-s1_only-f21dc52e,calc-subtract,s1_only,9,s1,"Clear the calculator, then compute 250 minus 75 and leave the result on the display.",app://Calculator,54,done,0.95,,,,0.62,0.25,0.54,0.07,"verification verify: uncertain: complete p=0.73, max unmet p=0.44",[],,,app://Calculator,,,verify,0.73,0.44,False,wrong,,
q10-native-dev-20260924,textedit-append-and-save-dual-0d073fda,textedit-append-and-save,dual,1,s1,"Add the line ""Second line."" to the end of the document and save it.",app://TextEdit,4,type,0.95,text area,1.0,text area (1.00),0.03,0.06,0.21,0.08,"act: operation 0.95, target 1.0",[],input,text area,app://TextEdit,,System 2 hotkey cmd+s,,,,True,right,,
q10-native-dev-20260924,textedit-append-and-save-dual-0d073fda,textedit-append-and-save,dual,2,s2,"Add the line ""Second line."" to the end of the document and save it.",app://TextEdit,4,click,0.62,button,0.44,button (0.62); button (0.22); button (0.16),0.22,0.08,0.2,0.12,System 2 hotkey cmd+s,[],send_keys,,app://TextEdit,,System 2 menu File > Save,,,,True,unknown,,
q10-native-dev-20260924,textedit-append-and-save-dual-0d073fda,textedit-append-and-save,dual,3,s2,"Add the line ""Second line."" to the end of the document and save it.",app://TextEdit,4,done,0.9,,,,0.59,0.11,0.35,0.08,System 2 menu File > Save,[],menu,,app://TextEdit,,System 2 key s,reject,0.4,0.89,True,unknown,,
q10-native-dev-20260924,textedit-append-and-save-dual-0d073fda,textedit-append-and-save,dual,4,s2,"Add the line ""Second line."" to the end of the document and save it.",app://TextEdit,4,done,0.59,,,,0.39,0.76,0.35,0.09,System 2 key s,[],send_keys,,app://TextEdit,,System 2 hotkey cmd+s,reject,0.35,0.87,True,unknown,,
q10-native-dev-20260924,textedit-append-and-save-dual-0d073fda,textedit-append-and-save,dual,5,s2,"Add the line ""Second line."" to the end of the document and save it.",app://TextEdit,4,done,0.5,,,,0.33,0.92,0.33,0.09,System 2 hotkey cmd+s,[],send_keys,,app://TextEdit,,"System 2 done refused, verification reject",reject,0.43,0.83,True,unknown,,
q10-native-dev-20260924,textedit-append-and-save-dual-0d073fda,textedit-append-and-save,dual,6,s2,"Add the line ""Second line."" to the end of the document and save it.",app://TextEdit,4,done,0.56,,,,0.33,0.94,0.36,0.09,"System 2 done refused, verification reject: The document was saved unmet with p=0.80; ledger carried 1 requirement(s)",[],,,app://TextEdit,,System 2 hotkey cmd+s,reject,0.53,0.8,True,unknown,,
q10-native-dev-20260924,textedit-append-and-save-dual-0d073fda,textedit-append-and-save,dual,7,s2,"Add the line ""Second line."" to the end of the document and save it.",app://TextEdit,4,done,0.42,,,,0.31,0.94,0.41,0.09,System 2 hotkey cmd+s,[],send_keys,,app://TextEdit,,System 2 wait,reject,0.49,0.8,True,unknown,,
q10-native-dev-20260924,textedit-append-and-save-dual-0d073fda,textedit-append-and-save,dual,8,s2,"Add the line ""Second line."" to the end of the document and save it.",app://TextEdit,4,done,0.46,,,,0.28,0.95,0.36,0.07,System 2 wait,[],wait,,app://TextEdit,,System 2 hotkey cmd+s,reject,0.45,0.8,True,unknown,,
q10-native-dev-20260924,textedit-append-and-save-dual-0d073fda,textedit-append-and-save,dual,9,s2,"Add the line ""Second line."" to the end of the document and save it.",app://TextEdit,4,done,0.42,,,,0.3,0.95,0.43,0.08,System 2 hotkey cmd+s,[],send_keys,,app://TextEdit,,System 2 wait,reject,0.48,0.8,True,unknown,,
q10-native-dev-20260924,textedit-append-and-save-dual-0d073fda,textedit-append-and-save,dual,10,s2,"Add the line ""Second line."" to the end of the document and save it.",app://TextEdit,4,done,0.46,,,,0.27,0.96,0.44,0.07,System 2 wait,[],wait,,app://TextEdit,,System 2 hotkey cmd+s,reject,0.44,0.8,True,unknown,,
q10-native-dev-20260924,textedit-append-and-save-dual-0d073fda,textedit-append-and-save,dual,11,s2,"Add the line ""Second line."" to the end of the document and save it.",app://TextEdit,4,done,0.43,,,,0.24,0.96,0.43,0.07,System 2 hotkey cmd+s,[],send_keys,,app://TextEdit,,"System 2 type [1] (Content looks correct but save is unverified, so I will dirt)",reject,0.49,0.8,True,unknown,,
q10-native-dev-20260924,textedit-append-and-save-dual-0d073fda,textedit-append-and-save,dual,12,s2,"Add the line ""Second line."" to the end of the document and save it.",app://TextEdit,4,done,0.35,,,,0.23,0.95,0.39,0.07,"System 2 type [1] (Content looks correct but save is unverified, so I will dirt)",[],input,text area,app://TextEdit,,System 2 hotkey cmd+s,reject,0.43,0.8,True,unknown,,
q10-native-dev-20260924,textedit-append-and-save-dual-0d073fda,textedit-append-and-save,dual,13,s2,"Add the line ""Second line."" to the end of the document and save it.",app://TextEdit,4,done,0.33,,,,0.23,0.94,0.39,0.09,System 2 hotkey cmd+s,[],send_keys,,app://TextEdit,,System 2 menu File > Save,reject,0.26,0.8,True,unknown,,
q10-native-dev-20260924,textedit-append-and-save-dual-0d073fda,textedit-append-and-save,dual,14,s2,"Add the line ""Second line."" to the end of the document and save it.",app://TextEdit,4,done,0.54,,,,0.29,0.94,0.47,0.07,System 2 menu File > Save,[],menu,,app://TextEdit,,System 2 key s,reject,0.4,0.8,True,unknown,,
q10-native-dev-20260924,textedit-append-and-save-dual-0d073fda,textedit-append-and-save,dual,15,s2,"Add the line ""Second line."" to the end of the document and save it.",app://TextEdit,4,done,0.45,,,,0.28,0.96,0.37,0.08,System 2 key s,[],send_keys,,app://TextEdit,,"System 2 type [1] (Content shows Second line but save unverified, so retype wit)",reject,0.37,0.8,True,unknown,,
q10-native-dev-20260924,textedit-append-and-save-dual-0d073fda,textedit-append-and-save,dual,16,s2,"Add the line ""Second line."" to the end of the document and save it.",app://TextEdit,4,done,0.49,,,,0.28,0.95,0.39,0.08,"System 2 type [1] (Content shows Second line but save unverified, so retype wit)",[],input,text area,app://TextEdit,,System 2 hotkey cmd+s,reject,0.37,0.8,True,unknown,,
q10-native-dev-20260924,textedit-append-and-save-dual-0d073fda,textedit-append-and-save,dual,17,s2,"Add the line ""Second line."" to the end of the document and save it.",app://TextEdit,4,done,0.33,,,,0.23,0.95,0.37,0.08,System 2 hotkey cmd+s,[],send_keys,,app://TextEdit,,System 2 wait,reject,0.34,0.8,True,unknown,,
q10-native-dev-20260924,textedit-append-and-save-dual-0d073fda,textedit-append-and-save,dual,18,s2,"Add the line ""Second line."" to the end of the document and save it.",app://TextEdit,4,done,0.48,,,,0.26,0.94,0.4,0.08,System 2 wait,[],wait,,app://TextEdit,,"System 2 done refused, verification reject",reject,0.37,0.8,True,unknown,,
q10-native-dev-20260924,textedit-append-and-save-dual-0d073fda,textedit-append-and-save,dual,19,s2,"Add the line ""Second line."" to the end of the document and save it.",app://TextEdit,4,done,0.34,,,,0.21,0.95,0.44,0.07,"System 2 done refused, verification reject: The document was saved unmet with p=0.80; ledger carried 2 requirement(s)",[],,,app://TextEdit,s2 fatal: done refused 2 times; The document was saved unmet with p=0.80; ledger,,reject,0.41,0.8,True,unknown,,
q10-native-dev-20260924,textedit-append-and-save-dual-62ccb520,textedit-append-and-save,dual,1,s1,"Add the line ""Second line."" to the end of the document and save it.",app://TextEdit,4,type,0.96,text area,1.0,text area (1.00),0.03,0.05,0.18,0.07,"act: operation 0.96, target 1.0",[],input,text area,app://TextEdit,,act,,,,True,right,,
q10-native-dev-20260924,textedit-append-and-save-dual-62ccb520,textedit-append-and-save,dual,2,s1,"Add the line ""Second line."" to the end of the document and save it.",app://TextEdit,4,click,0.61,button,0.59,button (0.73); button (0.15); button (0.12),0.23,0.07,0.2,0.12,"act: operation 0.61, target 0.59",[],click,button,app://TextEdit,,System 2 wait,,,,True,right,,
q10-native-dev-20260924,textedit-append-and-save-dual-62ccb520,textedit-append-and-save,dual,3,s2,"Add the line ""Second line."" to the end of the document and save it.",app://TextEdit,0,blocked,0.82,,,,0.02,0.1,0.34,0.12,System 2 wait,[],wait,,app://TextEdit,,System 2 wait,,,,True,unknown,,
q10-native-dev-20260924,textedit-append-and-save-dual-62ccb520,textedit-append-and-save,dual,4,s2,"Add the line ""Second line."" to the end of the document and save it.",app://TextEdit,0,blocked,0.8,,,,0.02,0.12,0.49,0.1,System 2 wait,[],wait,,app://TextEdit,,System 2 key Down,,,,True,unknown,,
q10-native-dev-20260924,textedit-append-and-save-dual-62ccb520,textedit-append-and-save,dual,5,s2,"Add the line ""Second line."" to the end of the document and save it.",app://TextEdit,0,blocked,0.77,,,,0.02,0.8,0.41,0.11,System 2 key Down,[],send_keys,,app://TextEdit,,System 2 hotkey cmd+down,,,,True,unknown,,
q10-native-dev-20260924,textedit-append-and-save-dual-62ccb520,textedit-append-and-save,dual,6,s2,"Add the line ""Second line."" to the end of the document and save it.",app://TextEdit,0,blocked,0.71,,,,0.02,0.84,0.52,0.09,System 2 hotkey cmd+down,[],send_keys,,app://TextEdit,,,,,,True,unknown,,
q10-native-dev-20260924,textedit-append-and-save-dual-682cb6de,textedit-append-and-save,dual,1,s1,"Add the line ""Second line."" to the end of the document and save it.",app://TextEdit,4,type,0.95,text area,1.0,text area (1.00),0.03,0.05,0.24,0.08,"act: operation 0.95, target 1.0",[],input,text area,app://TextEdit,,act,,,,True,right,,
q10-native-dev-20260924,textedit-append-and-save-dual-682cb6de,textedit-append-and-save,dual,2,s1,"Add the line ""Second line."" to the end of the document and save it.",app://TextEdit,4,click,0.65,button,0.53,button (0.68); button (0.18); button (0.14),0.24,0.08,0.19,0.12,"act: operation 0.65, target 0.53",[],click,button,app://TextEdit,,System 2 wait,,,,True,right,,
q10-native-dev-20260924,textedit-append-and-save-dual-682cb6de,textedit-append-and-save,dual,3,s2,"Add the line ""Second line."" to the end of the document and save it.",app://TextEdit,0,blocked,0.84,,,,0.02,0.11,0.37,0.12,System 2 wait,[],wait,,app://TextEdit,,System 2 key Down,,,,True,unknown,,
q10-native-dev-20260924,textedit-append-and-save-dual-682cb6de,textedit-append-and-save,dual,4,s2,"Add the line ""Second line."" to the end of the document and save it.",app://TextEdit,0,blocked,0.75,,,,0.02,0.13,0.49,0.11,System 2 key Down,[],send_keys,,app://TextEdit,,System 2 wait,,,,True,unknown,,
q10-native-dev-20260924,textedit-append-and-save-dual-682cb6de,textedit-append-and-save,dual,5,s2,"Add the line ""Second line."" to the end of the document and save it.",app://TextEdit,0,blocked,0.75,,,,0.02,0.19,0.4,0.08,System 2 wait,[],wait,,app://TextEdit,,System 2 hotkey cmd+down,,,,True,unknown,,
q10-native-dev-20260924,textedit-append-and-save-dual-682cb6de,textedit-append-and-save,dual,6,s2,"Add the line ""Second line."" to the end of the document and save it.",app://TextEdit,0,blocked,0.71,,,,0.02,0.51,0.47,0.08,System 2 hotkey cmd+down,[],send_keys,,app://TextEdit,,,,,,True,unknown,,
q10-native-dev-20260924,textedit-append-and-save-dual-d66beaf3,textedit-append-and-save,dual,1,s1,"Add the line ""Second line."" to the end of the document and save it.",app://TextEdit,4,type,0.95,text area,1.0,text area (1.00),0.03,0.05,0.2,0.07,"act: operation 0.95, target 1.0",[],input,text area,app://TextEdit,,act,,,,True,right,,
q10-native-dev-20260924,textedit-append-and-save-dual-d66beaf3,textedit-append-and-save,dual,2,s1,"Add the line ""Second line."" to the end of the document and save it.",app://TextEdit,4,click,0.61,button,0.45,button (0.64); button (0.22); button (0.14),0.24,0.08,0.2,0.11,"act: operation 0.61, target 0.45",[],click,button,app://TextEdit,,System 2 wait,,,,True,right,,
q10-native-dev-20260924,textedit-append-and-save-dual-d66beaf3,textedit-append-and-save,dual,3,s2,"Add the line ""Second line."" to the end of the document and save it.",app://TextEdit,0,blocked,0.84,,,,0.02,0.1,0.37,0.11,System 2 wait,[],wait,,app://TextEdit,,System 2 key Down,,,,True,unknown,,
q10-native-dev-20260924,textedit-append-and-save-dual-d66beaf3,textedit-append-and-save,dual,4,s2,"Add the line ""Second line."" to the end of the document and save it.",app://TextEdit,0,blocked,0.76,,,,0.02,0.13,0.41,0.12,System 2 key Down,[],send_keys,,app://TextEdit,,System 2 hotkey cmd+down,,,,True,unknown,,
q10-native-dev-20260924,textedit-append-and-save-dual-d66beaf3,textedit-append-and-save,dual,5,s2,"Add the line ""Second line."" to the end of the document and save it.",app://TextEdit,0,blocked,0.77,,,,0.02,0.21,0.42,0.09,System 2 hotkey cmd+down,[],send_keys,,app://TextEdit,,,,,,True,unknown,,
q10-native-dev-20260924,textedit-append-and-save-s1_only-52987838,textedit-append-and-save,s1_only,1,s1,"Add the line ""Second line."" to the end of the document and save it.",app://TextEdit,4,type,0.94,text area,1.0,text area (1.00),0.03,0.05,0.21,0.07,"act: operation 0.94, target 1.0",[],input,text area,app://TextEdit,,act,,,,True,right,,
q10-native-dev-20260924,textedit-append-and-save-s1_only-52987838,textedit-append-and-save,s1_only,2,s1,"Add the line ""Second line."" to the end of the document and save it.",app://TextEdit,4,click,0.61,button,0.56,button (0.71); button (0.18); button (0.11),0.28,0.07,0.19,0.12,"act: operation 0.61, target 0.56",[],click,button,app://TextEdit,,blocked,,,,True,right,,
q10-native-dev-20260924,textedit-append-and-save-s1_only-52987838,textedit-append-and-save,s1_only,3,s1,"Add the line ""Second line."" to the end of the document and save it.",app://TextEdit,0,blocked,0.82,,,,0.02,0.11,0.35,0.11,blocked: no offered operation can make progress,[],,,app://TextEdit,,,,,,True,right,,
q10-native-dev-20260924,textedit-append-and-save-s1_only-7e981859,textedit-append-and-save,s1_only,1,s1,"Add the line ""Second line."" to the end of the document and save it.",app://TextEdit,4,type,0.95,text area,1.0,text area (1.00),0.03,0.06,0.18,0.07,"act: operation 0.95, target 1.0",[],input,text area,app://TextEdit,,act,,,,True,right,,
q10-native-dev-20260924,textedit-append-and-save-s1_only-7e981859,textedit-append-and-save,s1_only,2,s1,"Add the line ""Second line."" to the end of the document and save it.",app://TextEdit,4,click,0.59,button,0.5,button (0.67); button (0.20); button (0.13),0.23,0.07,0.19,0.11,"act: operation 0.59, target 0.5",[],click,button,app://TextEdit,,blocked,,,,True,right,,
q10-native-dev-20260924,textedit-append-and-save-s1_only-7e981859,textedit-append-and-save,s1_only,3,s1,"Add the line ""Second line."" to the end of the document and save it.",app://TextEdit,0,blocked,0.83,,,,0.02,0.1,0.36,0.12,blocked: no offered operation can make progress,[],,,app://TextEdit,,,,,,True,right,,
q10-native-dev-20260924,textedit-append-and-save-s1_only-96bbaeba,textedit-append-and-save,s1_only,1,s1,"Add the line ""Second line."" to the end of the document and save it.",app://TextEdit,4,type,0.94,text area,1.0,text area (1.00),0.03,0.06,0.19,0.08,"act: operation 0.94, target 1.0",[],input,text area,app://TextEdit,,act,,,,True,right,,
q10-native-dev-20260924,textedit-append-and-save-s1_only-96bbaeba,textedit-append-and-save,s1_only,2,s1,"Add the line ""Second line."" to the end of the document and save it.",app://TextEdit,4,click,0.63,button,0.58,button (0.72); button (0.18); button (0.10),0.26,0.08,0.19,0.11,"act: operation 0.63, target 0.58",[],click,button,app://TextEdit,,blocked,,,,True,right,,
q10-native-dev-20260924,textedit-append-and-save-s1_only-96bbaeba,textedit-append-and-save,s1_only,3,s1,"Add the line ""Second line."" to the end of the document and save it.",app://TextEdit,0,blocked,0.84,,,,0.02,0.1,0.39,0.12,blocked: no offered operation can make progress,[],,,app://TextEdit,,,,,,True,right,,
q10-native-dev-20260924,textedit-read-word-count-dual-92c4667e,textedit-read-word-count,dual,1,s2,Report the second word of the document's only line.,app://TextEdit,4,done,0.52,,,,0.06,0.05,0.9,0.1,"System 2 done refused, verification verify: uncertain: complete p=0.43, max unmet p=0.63",[],,,app://TextEdit,,"System 2 done refused, verification verify",verify,0.43,0.63,False,unknown,,
q10-native-dev-20260924,textedit-read-word-count-dual-92c4667e,textedit-read-word-count,dual,2,s2,Report the second word of the document's only line.,app://TextEdit,4,done,0.4,,,,0.06,0.16,0.9,0.11,"System 2 done refused, verification verify: uncertain: complete p=0.52, max unmet p=0.59",[],,,app://TextEdit,"s2 fatal: done refused 2 times; uncertain: complete p=0.52, max unmet p=0.59",,verify,0.52,0.59,False,unknown,,
q10-native-dev-20260924,textedit-read-word-count-dual-bce79b91,textedit-read-word-count,dual,1,s2,Report the second word of the document's only line.,app://TextEdit,4,done,0.55,,,,0.07,0.06,0.91,0.09,"System 2 done refused, verification verify: uncertain: complete p=0.47, max unmet p=0.62",[],,,app://TextEdit,,"System 2 done refused, verification verify",verify,0.47,0.62,False,unknown,,
q10-native-dev-20260924,textedit-read-word-count-dual-bce79b91,textedit-read-word-count,dual,2,s2,Report the second word of the document's only line.,app://TextEdit,4,done,0.41,,,,0.06,0.19,0.92,0.11,"System 2 done refused, verification verify: uncertain: complete p=0.47, max unmet p=0.61",[],,,app://TextEdit,"s2 fatal: done refused 2 times; uncertain: complete p=0.47, max unmet p=0.61",,verify,0.47,0.61,False,unknown,,
q10-native-dev-20260924,textedit-read-word-count-dual-fbd80f5a,textedit-read-word-count,dual,1,s2,Report the second word of the document's only line.,app://TextEdit,4,done,0.49,,,,0.07,0.06,0.9,0.09,"System 2 done refused, verification verify: uncertain: complete p=0.50, max unmet p=0.56",[],,,app://TextEdit,,"System 2 done refused, verification verify",verify,0.5,0.56,False,unknown,,
q10-native-dev-20260924,textedit-read-word-count-dual-fbd80f5a,textedit-read-word-count,dual,2,s2,Report the second word of the document's only line.,app://TextEdit,4,done,0.41,,,,0.05,0.2,0.9,0.11,"System 2 done refused, verification verify: uncertain: complete p=0.48, max unmet p=0.58",[],,,app://TextEdit,"s2 fatal: done refused 2 times; uncertain: complete p=0.48, max unmet p=0.58",,verify,0.48,0.58,False,unknown,,
q10-native-dev-20260924,textedit-read-word-count-s1_only-45ea0201,textedit-read-word-count,s1_only,1,s1,Report the second word of the document's only line.,app://TextEdit,4,done,0.46,,,,0.07,0.05,0.9,0.09,done without an answer on an answer task; not verified,[],,,app://TextEdit,,,,,,False,wrong,,
q10-native-dev-20260924,textedit-read-word-count-s1_only-d0575e42,textedit-read-word-count,s1_only,1,s1,Report the second word of the document's only line.,app://TextEdit,4,done,0.45,,,,0.07,0.05,0.9,0.1,done without an answer on an answer task; not verified,[],,,app://TextEdit,,,,,,False,wrong,,
q10-native-dev-20260924,textedit-read-word-count-s1_only-d8ea00e4,textedit-read-word-count,s1_only,1,s1,Report the second word of the document's only line.,app://TextEdit,4,done,0.47,,,,0.07,0.06,0.9,0.1,done without an answer on an answer task; not verified,[],,,app://TextEdit,,,,,,False,wrong,,
q10-native-dev-20260924,textedit-type-sentence-dual-18763224,textedit-type-sentence,dual,1,s1,"Type the sentence ""The lantern arrived broken."" into the document.",app://TextEdit,4,type,0.95,First Text View,1.0,First Text View (1.00),0.03,0.05,0.15,0.06,"act: operation 0.95, target 1.0",[],input,First Text View,app://TextEdit,,verification accept,,,,True,right,,
q10-native-dev-20260924,textedit-type-sentence-dual-18763224,textedit-type-sentence,dual,2,s1,"Type the sentence ""The lantern arrived broken."" into the document.",app://TextEdit,4,done,0.98,,,,0.94,0.07,0.34,0.13,"verification accept: complete p=0.97, max unmet p=0.08",[],done,,app://TextEdit,,,accept,0.97,0.08,True,right,,
q10-native-dev-20260924,textedit-type-sentence-dual-8f1f2af6,textedit-type-sentence,dual,1,s1,"Type the sentence ""The lantern arrived broken."" into the document.",app://TextEdit,4,type,0.95,First Text View,1.0,First Text View (1.00),0.03,0.05,0.16,0.06,"act: operation 0.95, target 1.0",[],input,First Text View,app://TextEdit,,verification accept,,,,True,right,,
q10-native-dev-20260924,textedit-type-sentence-dual-8f1f2af6,textedit-type-sentence,dual,2,s1,"Type the sentence ""The lantern arrived broken."" into the document.",app://TextEdit,4,done,0.98,,,,0.92,0.06,0.33,0.13,"verification accept: complete p=0.95, max unmet p=0.07",[],done,,app://TextEdit,,,accept,0.95,0.07,True,right,,
q10-native-dev-20260924,textedit-type-sentence-dual-95175952,textedit-type-sentence,dual,1,s1,"Type the sentence ""The lantern arrived broken."" into the document.",app://TextEdit,4,type,0.96,First Text View,1.0,First Text View (1.00),0.03,0.05,0.16,0.06,"act: operation 0.96, target 1.0",[],input,First Text View,app://TextEdit,,verification accept,,,,True,right,,
q10-native-dev-20260924,textedit-type-sentence-dual-95175952,textedit-type-sentence,dual,2,s1,"Type the sentence ""The lantern arrived broken."" into the document.",app://TextEdit,4,done,0.98,,,,0.91,0.06,0.37,0.14,"verification accept: complete p=0.96, max unmet p=0.07",[],done,,app://TextEdit,,,accept,0.96,0.07,True,right,,
q10-native-dev-20260924,textedit-type-sentence-s1_only-1032ae10,textedit-type-sentence,s1_only,1,s1,"Type the sentence ""The lantern arrived broken."" into the document.",app://TextEdit,4,type,0.95,First Text View,1.0,First Text View (1.00),0.04,0.06,0.14,0.06,"act: operation 0.95, target 1.0",[],input,First Text View,app://TextEdit,,verification accept,,,,True,right,,
q10-native-dev-20260924,textedit-type-sentence-s1_only-1032ae10,textedit-type-sentence,s1_only,2,s1,"Type the sentence ""The lantern arrived broken."" into the document.",app://TextEdit,4,done,0.97,,,,0.92,0.07,0.34,0.13,"verification accept: complete p=0.97, max unmet p=0.07",[],done,,app://TextEdit,,,accept,0.97,0.07,True,right,,
q10-native-dev-20260924,textedit-type-sentence-s1_only-a0c5084a,textedit-type-sentence,s1_only,1,s1,"Type the sentence ""The lantern arrived broken."" into the document.",app://TextEdit,4,type,0.94,First Text View,1.0,First Text View (1.00),0.03,0.06,0.17,0.06,"act: operation 0.94, target 1.0",[],input,First Text View,app://TextEdit,,verification accept,,,,True,right,,
q10-native-dev-20260924,textedit-type-sentence-s1_only-a0c5084a,textedit-type-sentence,s1_only,2,s1,"Type the sentence ""The lantern arrived broken."" into the document.",app://TextEdit,4,done,0.98,,,,0.94,0.07,0.33,0.13,"verification accept: complete p=0.96, max unmet p=0.07",[],done,,app://TextEdit,,,accept,0.96,0.07,True,right,,
q10-native-dev-20260924,textedit-type-sentence-s1_only-c727191f,textedit-type-sentence,s1_only,1,s1,"Type the sentence ""The lantern arrived broken."" into the document.",app://TextEdit,4,type,0.95,First Text View,1.0,First Text View (1.00),0.03,0.06,0.14,0.06,"act: operation 0.95, target 1.0",[],input,First Text View,app://TextEdit,,verification accept,,,,True,right,,
q10-native-dev-20260924,textedit-type-sentence-s1_only-c727191f,textedit-type-sentence,s1_only,2,s1,"Type the sentence ""The lantern arrived broken."" into the document.",app://TextEdit,4,done,0.98,,,,0.92,0.07,0.36,0.14,"verification accept: complete p=0.96, max unmet p=0.07",[],done,,app://TextEdit,,,accept,0.96,0.07,True,right,,
