run,run_id,task,arm,step,system,task_text,url,menu_size,s1_operation,s1_op_conf,s1_target,s1_target_conf,alternatives,goal_done,stuck,needs_reasoning,destructive,arbiter_reason,s1_proposed,executed,executed_target,url_after,result_error,next_reason,verify_band,verify_complete,verify_unmet_max,run_passed,auto_label,label,note
q10b-native-dev-20260924,calc-multiply-dual-3349d1f2,calc-multiply,dual,1,s1,"Clear the calculator, then compute 12 times 11 and leave the result on the display.",app://Calculator,24,click,0.99,All Clear,0.94,All Clear (0.95); 1 (0.05); 4 (0.00); Multiply (0.00); 9 (0.00),0.02,0.04,0.06,0.13,"act: operation 0.99, target 0.94","[{""name"": ""click"", ""params"": {""index"": 2, ""label"": ""All Clear""}}]",click,All Clear,app://Calculator,,act,,,,True,right,,
q10b-native-dev-20260924,calc-multiply-dual-3349d1f2,calc-multiply,dual,2,s1,"Clear the calculator, then compute 12 times 11 and leave the result on the display.",app://Calculator,24,click,0.96,1,0.86,1 (0.87); All Clear (0.10); Multiply (0.02); 2 (0.01); 4 (0.00),0.02,0.07,0.07,0.07,"act: operation 0.96, target 0.86","[{""name"": ""click"", ""params"": {""index"": 13, ""label"": ""1""}}]",click,1,app://Calculator,,act,,,,True,right,,
q10b-native-dev-20260924,calc-multiply-dual-3349d1f2,calc-multiply,dual,3,s1,"Clear the calculator, then compute 12 times 11 and leave the result on the display.",app://Calculator,24,click,0.94,2,0.63,2 (0.66); Clear (0.23); Multiply (0.07); 1 (0.03); Equals (0.01),0.02,0.1,0.09,0.07,"act: operation 0.94, target 0.63","[{""name"": ""click"", ""params"": {""index"": 14, ""label"": ""2""}}]",click,2,app://Calculator,,act,,,,True,right,,
q10b-native-dev-20260924,calc-multiply-dual-3349d1f2,calc-multiply,dual,4,s1,"Clear the calculator, then compute 12 times 11 and leave the result on the display.",app://Calculator,24,click,0.97,Multiply,0.87,Multiply (0.88); Clear (0.07); 1 (0.05); 4 (0.00); 9 (0.00),0.02,0.11,0.07,0.07,"act: operation 0.97, target 0.87","[{""name"": ""click"", ""params"": {""index"": 8, ""label"": ""Multiply""}}]",click,Multiply,app://Calculator,,act,,,,True,right,,
q10b-native-dev-20260924,calc-multiply-dual-3349d1f2,calc-multiply,dual,5,s1,"Clear the calculator, then compute 12 times 11 and leave the result on the display.",app://Calculator,24,click,0.98,1,0.91,1 (0.92); Clear (0.06); Equals (0.02); 4 (0.00); Multiply (0.00),0.02,0.09,0.07,0.06,"act: operation 0.98, target 0.91","[{""name"": ""click"", ""params"": {""index"": 13, ""label"": ""1""}}]",click,1,app://Calculator,,act,,,,True,right,,
q10b-native-dev-20260924,calc-multiply-dual-3349d1f2,calc-multiply,dual,6,s1,"Clear the calculator, then compute 12 times 11 and leave the result on the display.",app://Calculator,24,click,0.97,1,0.78,1 (0.79); Equals (0.11); Clear (0.09); 2 (0.01); 4 (0.00),0.02,0.42,0.08,0.06,"act: operation 0.97, target 0.78","[{""name"": ""click"", ""params"": {""index"": 13, ""label"": ""1""}}]",click,1,app://Calculator,,act,,,,True,right,,
q10b-native-dev-20260924,calc-multiply-dual-3349d1f2,calc-multiply,dual,7,s1,"Clear the calculator, then compute 12 times 11 and leave the result on the display.",app://Calculator,24,click,0.95,Equals,0.94,Equals (0.95); Clear (0.05); 4 (0.00); Multiply (0.00); 9 (0.00),0.03,0.46,0.09,0.08,"act: operation 0.95, target 0.94","[{""name"": ""click"", ""params"": {""index"": 20, ""label"": ""Equals""}}]",click,Equals,app://Calculator,,verification accept,,,,True,right,,
q10b-native-dev-20260924,calc-multiply-dual-3349d1f2,calc-multiply,dual,8,s1,"Clear the calculator, then compute 12 times 11 and leave the result on the display.",app://Calculator,24,done,0.95,,,,0.94,0.46,0.48,0.09,"verification accept: complete p=0.84, max unmet p=0.10",[],done,,app://Calculator,,,accept,0.84,0.1,True,right,,
q10b-native-dev-20260924,calc-multiply-dual-3bbfb013,calc-multiply,dual,1,s1,"Clear the calculator, then compute 12 times 11 and leave the result on the display.",app://Calculator,24,click,0.99,All Clear,0.91,All Clear (0.92); 1 (0.08); 4 (0.00); Multiply (0.00); 9 (0.00),0.02,0.04,0.05,0.13,"act: operation 0.99, target 0.91","[{""name"": ""click"", ""params"": {""index"": 2, ""label"": ""All Clear""}}]",click,All Clear,app://Calculator,,act,,,,True,right,,
q10b-native-dev-20260924,calc-multiply-dual-3bbfb013,calc-multiply,dual,2,s1,"Clear the calculator, then compute 12 times 11 and leave the result on the display.",app://Calculator,24,click,0.95,1,0.85,1 (0.86); All Clear (0.11); Multiply (0.02); 2 (0.01); 4 (0.00),0.02,0.07,0.07,0.07,"act: operation 0.95, target 0.85","[{""name"": ""click"", ""params"": {""index"": 13, ""label"": ""1""}}]",click,1,app://Calculator,,act,,,,True,right,,
q10b-native-dev-20260924,calc-multiply-dual-3bbfb013,calc-multiply,dual,3,s1,"Clear the calculator, then compute 12 times 11 and leave the result on the display.",app://Calculator,24,click,0.95,2,0.71,2 (0.73); Clear (0.21); Multiply (0.05); 1 (0.01); 4 (0.00),0.02,0.09,0.1,0.09,"act: operation 0.95, target 0.71","[{""name"": ""click"", ""params"": {""index"": 14, ""label"": ""2""}}]",click,2,app://Calculator,,act,,,,True,right,,
q10b-native-dev-20260924,calc-multiply-dual-3bbfb013,calc-multiply,dual,4,s1,"Clear the calculator, then compute 12 times 11 and leave the result on the display.",app://Calculator,24,click,0.96,Multiply,0.87,Multiply (0.88); Clear (0.08); 1 (0.04); 4 (0.00); 9 (0.00),0.02,0.12,0.08,0.07,"act: operation 0.96, target 0.87","[{""name"": ""click"", ""params"": {""index"": 8, ""label"": ""Multiply""}}]",click,Multiply,app://Calculator,,act,,,,True,right,,
q10b-native-dev-20260924,calc-multiply-dual-3bbfb013,calc-multiply,dual,5,s1,"Clear the calculator, then compute 12 times 11 and leave the result on the display.",app://Calculator,24,click,0.96,1,0.93,1 (0.93); Clear (0.05); Equals (0.01); 4 (0.00); Multiply (0.00),0.02,0.09,0.07,0.06,"act: operation 0.96, target 0.93","[{""name"": ""click"", ""params"": {""index"": 13, ""label"": ""1""}}]",click,1,app://Calculator,,act,,,,True,right,,
q10b-native-dev-20260924,calc-multiply-dual-3bbfb013,calc-multiply,dual,6,s1,"Clear the calculator, then compute 12 times 11 and leave the result on the display.",app://Calculator,24,click,0.97,1,0.81,1 (0.82); Equals (0.10); Clear (0.07); 2 (0.01); 4 (0.00),0.02,0.41,0.09,0.07,"act: operation 0.97, target 0.81","[{""name"": ""click"", ""params"": {""index"": 13, ""label"": ""1""}}]",click,1,app://Calculator,,act,,,,True,right,,
q10b-native-dev-20260924,calc-multiply-dual-3bbfb013,calc-multiply,dual,7,s1,"Clear the calculator, then compute 12 times 11 and leave the result on the display.",app://Calculator,24,click,0.94,Equals,0.94,Equals (0.95); Clear (0.05); 4 (0.00); Multiply (0.00); 9 (0.00),0.03,0.5,0.09,0.07,"act: operation 0.94, target 0.94","[{""name"": ""click"", ""params"": {""index"": 20, ""label"": ""Equals""}}]",click,Equals,app://Calculator,,verification accept,,,,True,right,,
q10b-native-dev-20260924,calc-multiply-dual-3bbfb013,calc-multiply,dual,8,s1,"Clear the calculator, then compute 12 times 11 and leave the result on the display.",app://Calculator,24,done,0.95,,,,0.93,0.48,0.48,0.09,"verification accept: complete p=0.84, max unmet p=0.09",[],done,,app://Calculator,,,accept,0.84,0.09,True,right,,
q10b-native-dev-20260924,calc-multiply-dual-b268f317,calc-multiply,dual,1,s1,"Clear the calculator, then compute 12 times 11 and leave the result on the display.",app://Calculator,24,click,0.99,All Clear,0.93,All Clear (0.94); 1 (0.06); 4 (0.00); Multiply (0.00); 9 (0.00),0.02,0.04,0.06,0.13,"act: operation 0.99, target 0.93","[{""name"": ""click"", ""params"": {""index"": 2, ""label"": ""All Clear""}}]",click,All Clear,app://Calculator,,act,,,,True,right,,
q10b-native-dev-20260924,calc-multiply-dual-b268f317,calc-multiply,dual,2,s1,"Clear the calculator, then compute 12 times 11 and leave the result on the display.",app://Calculator,24,click,0.96,1,0.89,1 (0.91); All Clear (0.05); Multiply (0.03); 2 (0.01); 4 (0.00),0.02,0.07,0.07,0.07,"act: operation 0.96, target 0.89","[{""name"": ""click"", ""params"": {""index"": 13, ""label"": ""1""}}]",click,1,app://Calculator,,act,,,,True,right,,
q10b-native-dev-20260924,calc-multiply-dual-b268f317,calc-multiply,dual,3,s1,"Clear the calculator, then compute 12 times 11 and leave the result on the display.",app://Calculator,24,click,0.94,2,0.64,2 (0.65); Clear (0.28); Multiply (0.04); 1 (0.02); 4 (0.00),0.02,0.11,0.09,0.1,"act: operation 0.94, target 0.64","[{""name"": ""click"", ""params"": {""index"": 14, ""label"": ""2""}}]",click,2,app://Calculator,,act,,,,True,right,,
q10b-native-dev-20260924,calc-multiply-dual-b268f317,calc-multiply,dual,4,s1,"Clear the calculator, then compute 12 times 11 and leave the result on the display.",app://Calculator,24,click,0.96,Multiply,0.8,Multiply (0.82); Clear (0.12); 1 (0.06); 4 (0.00); 9 (0.00),0.02,0.12,0.07,0.08,"act: operation 0.96, target 0.8","[{""name"": ""click"", ""params"": {""index"": 8, ""label"": ""Multiply""}}]",click,Multiply,app://Calculator,,act,,,,True,right,,
q10b-native-dev-20260924,calc-multiply-dual-b268f317,calc-multiply,dual,5,s1,"Clear the calculator, then compute 12 times 11 and leave the result on the display.",app://Calculator,24,click,0.97,1,0.92,1 (0.93); Clear (0.05); Equals (0.02); 4 (0.00); Multiply (0.00),0.02,0.09,0.07,0.05,"act: operation 0.97, target 0.92","[{""name"": ""click"", ""params"": {""index"": 13, ""label"": ""1""}}]",click,1,app://Calculator,,act,,,,True,right,,
q10b-native-dev-20260924,calc-multiply-dual-b268f317,calc-multiply,dual,6,s1,"Clear the calculator, then compute 12 times 11 and leave the result on the display.",app://Calculator,24,click,0.97,1,0.8,1 (0.81); Equals (0.09); Clear (0.08); 2 (0.01); 4 (0.00),0.02,0.39,0.08,0.07,"act: operation 0.97, target 0.8","[{""name"": ""click"", ""params"": {""index"": 13, ""label"": ""1""}}]",click,1,app://Calculator,,act,,,,True,right,,
q10b-native-dev-20260924,calc-multiply-dual-b268f317,calc-multiply,dual,7,s1,"Clear the calculator, then compute 12 times 11 and leave the result on the display.",app://Calculator,24,click,0.93,Equals,0.94,Equals (0.95); Clear (0.05); 4 (0.00); Multiply (0.00); 9 (0.00),0.03,0.48,0.09,0.07,"act: operation 0.93, target 0.94","[{""name"": ""click"", ""params"": {""index"": 20, ""label"": ""Equals""}}]",click,Equals,app://Calculator,,verification accept,,,,True,right,,
q10b-native-dev-20260924,calc-multiply-dual-b268f317,calc-multiply,dual,8,s1,"Clear the calculator, then compute 12 times 11 and leave the result on the display.",app://Calculator,24,done,0.94,,,,0.93,0.47,0.43,0.1,"verification accept: complete p=0.86, max unmet p=0.09",[],done,,app://Calculator,,,accept,0.86,0.09,True,right,,
q10b-native-dev-20260924,calc-multiply-s1_only-071b55c7,calc-multiply,s1_only,1,s1,"Clear the calculator, then compute 12 times 11 and leave the result on the display.",app://Calculator,24,click,0.99,All Clear,0.94,All Clear (0.95); 1 (0.05); 4 (0.00); Multiply (0.00); 9 (0.00),0.02,0.05,0.05,0.13,"act: operation 0.99, target 0.94","[{""name"": ""click"", ""params"": {""index"": 2, ""label"": ""All Clear""}}]",click,All Clear,app://Calculator,,act,,,,True,right,,
q10b-native-dev-20260924,calc-multiply-s1_only-071b55c7,calc-multiply,s1_only,2,s1,"Clear the calculator, then compute 12 times 11 and leave the result on the display.",app://Calculator,24,click,0.95,1,0.87,1 (0.88); All Clear (0.09); Multiply (0.02); 2 (0.01); 4 (0.00),0.02,0.08,0.06,0.08,"act: operation 0.95, target 0.87","[{""name"": ""click"", ""params"": {""index"": 13, ""label"": ""1""}}]",click,1,app://Calculator,,act,,,,True,right,,
q10b-native-dev-20260924,calc-multiply-s1_only-071b55c7,calc-multiply,s1_only,3,s1,"Clear the calculator, then compute 12 times 11 and leave the result on the display.",app://Calculator,24,click,0.94,2,0.65,2 (0.67); Clear (0.23); Multiply (0.07); 1 (0.02); Equals (0.01),0.02,0.09,0.09,0.09,"act: operation 0.94, target 0.65","[{""name"": ""click"", ""params"": {""index"": 14, ""label"": ""2""}}]",click,2,app://Calculator,,act,,,,True,right,,
q10b-native-dev-20260924,calc-multiply-s1_only-071b55c7,calc-multiply,s1_only,4,s1,"Clear the calculator, then compute 12 times 11 and leave the result on the display.",app://Calculator,24,click,0.96,Multiply,0.87,Multiply (0.88); Clear (0.08); 1 (0.04); 4 (0.00); 9 (0.00),0.02,0.12,0.08,0.08,"act: operation 0.96, target 0.87","[{""name"": ""click"", ""params"": {""index"": 8, ""label"": ""Multiply""}}]",click,Multiply,app://Calculator,,act,,,,True,right,,
q10b-native-dev-20260924,calc-multiply-s1_only-071b55c7,calc-multiply,s1_only,5,s1,"Clear the calculator, then compute 12 times 11 and leave the result on the display.",app://Calculator,24,click,0.98,1,0.91,1 (0.92); Clear (0.06); Equals (0.02); 4 (0.00); Multiply (0.00),0.02,0.1,0.08,0.06,"act: operation 0.98, target 0.91","[{""name"": ""click"", ""params"": {""index"": 13, ""label"": ""1""}}]",click,1,app://Calculator,,act,,,,True,right,,
q10b-native-dev-20260924,calc-multiply-s1_only-071b55c7,calc-multiply,s1_only,6,s1,"Clear the calculator, then compute 12 times 11 and leave the result on the display.",app://Calculator,24,click,0.98,1,0.78,1 (0.80); Equals (0.13); Clear (0.06); 2 (0.01); 4 (0.00),0.02,0.34,0.09,0.06,"act: operation 0.98, target 0.78","[{""name"": ""click"", ""params"": {""index"": 13, ""label"": ""1""}}]",click,1,app://Calculator,,act,,,,True,right,,
q10b-native-dev-20260924,calc-multiply-s1_only-071b55c7,calc-multiply,s1_only,7,s1,"Clear the calculator, then compute 12 times 11 and leave the result on the display.",app://Calculator,24,click,0.94,Equals,0.94,Equals (0.95); Clear (0.05); 4 (0.00); Multiply (0.00); 9 (0.00),0.03,0.52,0.09,0.07,"act: operation 0.94, target 0.94","[{""name"": ""click"", ""params"": {""index"": 20, ""label"": ""Equals""}}]",click,Equals,app://Calculator,,verification accept,,,,True,right,,
q10b-native-dev-20260924,calc-multiply-s1_only-071b55c7,calc-multiply,s1_only,8,s1,"Clear the calculator, then compute 12 times 11 and leave the result on the display.",app://Calculator,24,done,0.95,,,,0.93,0.41,0.49,0.07,"verification accept: complete p=0.84, max unmet p=0.11",[],done,,app://Calculator,,,accept,0.84,0.11,True,right,,
q10b-native-dev-20260924,calc-multiply-s1_only-77f1d13d,calc-multiply,s1_only,1,s1,"Clear the calculator, then compute 12 times 11 and leave the result on the display.",app://Calculator,24,click,0.99,All Clear,0.93,All Clear (0.94); 1 (0.06); 4 (0.00); Multiply (0.00); 9 (0.00),0.02,0.04,0.05,0.11,"act: operation 0.99, target 0.93","[{""name"": ""click"", ""params"": {""index"": 2, ""label"": ""All Clear""}}]",click,All Clear,app://Calculator,,act,,,,True,right,,
q10b-native-dev-20260924,calc-multiply-s1_only-77f1d13d,calc-multiply,s1_only,2,s1,"Clear the calculator, then compute 12 times 11 and leave the result on the display.",app://Calculator,24,click,0.96,1,0.87,1 (0.88); All Clear (0.07); Multiply (0.04); 2 (0.01); 4 (0.00),0.02,0.07,0.06,0.07,"act: operation 0.96, target 0.87","[{""name"": ""click"", ""params"": {""index"": 13, ""label"": ""1""}}]",click,1,app://Calculator,,act,,,,True,right,,
q10b-native-dev-20260924,calc-multiply-s1_only-77f1d13d,calc-multiply,s1_only,3,s1,"Clear the calculator, then compute 12 times 11 and leave the result on the display.",app://Calculator,24,click,0.95,2,0.65,2 (0.67); Clear (0.26); Multiply (0.04); 1 (0.02); Equals (0.01),0.02,0.1,0.09,0.09,"act: operation 0.95, target 0.65","[{""name"": ""click"", ""params"": {""index"": 14, ""label"": ""2""}}]",click,2,app://Calculator,,act,,,,True,right,,
q10b-native-dev-20260924,calc-multiply-s1_only-77f1d13d,calc-multiply,s1_only,4,s1,"Clear the calculator, then compute 12 times 11 and leave the result on the display.",app://Calculator,24,click,0.96,Multiply,0.85,Multiply (0.87); Clear (0.09); 1 (0.04); 4 (0.00); 9 (0.00),0.02,0.12,0.08,0.09,"act: operation 0.96, target 0.85","[{""name"": ""click"", ""params"": {""index"": 8, ""label"": ""Multiply""}}]",click,Multiply,app://Calculator,,act,,,,True,right,,
q10b-native-dev-20260924,calc-multiply-s1_only-77f1d13d,calc-multiply,s1_only,5,s1,"Clear the calculator, then compute 12 times 11 and leave the result on the display.",app://Calculator,24,click,0.97,1,0.92,1 (0.93); Clear (0.05); Equals (0.02); 4 (0.00); Multiply (0.00),0.02,0.1,0.07,0.06,"act: operation 0.97, target 0.92","[{""name"": ""click"", ""params"": {""index"": 13, ""label"": ""1""}}]",click,1,app://Calculator,,act,,,,True,right,,
q10b-native-dev-20260924,calc-multiply-s1_only-77f1d13d,calc-multiply,s1_only,6,s1,"Clear the calculator, then compute 12 times 11 and leave the result on the display.",app://Calculator,24,click,0.98,1,0.81,1 (0.82); Equals (0.08); Clear (0.08); 2 (0.01); 4 (0.00),0.02,0.4,0.09,0.06,"act: operation 0.98, target 0.81","[{""name"": ""click"", ""params"": {""index"": 13, ""label"": ""1""}}]",click,1,app://Calculator,,act,,,,True,right,,
q10b-native-dev-20260924,calc-multiply-s1_only-77f1d13d,calc-multiply,s1_only,7,s1,"Clear the calculator, then compute 12 times 11 and leave the result on the display.",app://Calculator,24,click,0.93,Equals,0.94,Equals (0.95); Clear (0.05); 4 (0.00); Multiply (0.00); 9 (0.00),0.04,0.52,0.09,0.08,"act: operation 0.93, target 0.94","[{""name"": ""click"", ""params"": {""index"": 20, ""label"": ""Equals""}}]",click,Equals,app://Calculator,,verification accept,,,,True,right,,
q10b-native-dev-20260924,calc-multiply-s1_only-77f1d13d,calc-multiply,s1_only,8,s1,"Clear the calculator, then compute 12 times 11 and leave the result on the display.",app://Calculator,24,done,0.96,,,,0.94,0.46,0.44,0.09,"verification accept: complete p=0.84, max unmet p=0.08",[],done,,app://Calculator,,,accept,0.84,0.08,True,right,,
q10b-native-dev-20260924,calc-multiply-s1_only-9e723a67,calc-multiply,s1_only,1,s1,"Clear the calculator, then compute 12 times 11 and leave the result on the display.",app://Calculator,24,click,0.99,All Clear,0.93,All Clear (0.94); 1 (0.06); 4 (0.00); Multiply (0.00); 9 (0.00),0.02,0.04,0.06,0.14,"act: operation 0.99, target 0.93","[{""name"": ""click"", ""params"": {""index"": 2, ""label"": ""All Clear""}}]",click,All Clear,app://Calculator,,act,,,,True,right,,
q10b-native-dev-20260924,calc-multiply-s1_only-9e723a67,calc-multiply,s1_only,2,s1,"Clear the calculator, then compute 12 times 11 and leave the result on the display.",app://Calculator,24,click,0.95,1,0.89,1 (0.90); All Clear (0.07); Multiply (0.02); 2 (0.01); 4 (0.00),0.02,0.07,0.06,0.07,"act: operation 0.95, target 0.89","[{""name"": ""click"", ""params"": {""index"": 13, ""label"": ""1""}}]",click,1,app://Calculator,,act,,,,True,right,,
q10b-native-dev-20260924,calc-multiply-s1_only-9e723a67,calc-multiply,s1_only,3,s1,"Clear the calculator, then compute 12 times 11 and leave the result on the display.",app://Calculator,24,click,0.94,2,0.62,2 (0.64); Clear (0.22); Multiply (0.10); 1 (0.03); Equals (0.01),0.02,0.1,0.09,0.09,"act: operation 0.94, target 0.62","[{""name"": ""click"", ""params"": {""index"": 14, ""label"": ""2""}}]",click,2,app://Calculator,,act,,,,True,right,,
q10b-native-dev-20260924,calc-multiply-s1_only-9e723a67,calc-multiply,s1_only,4,s1,"Clear the calculator, then compute 12 times 11 and leave the result on the display.",app://Calculator,24,click,0.97,Multiply,0.81,Multiply (0.82); Clear (0.09); 1 (0.09); 4 (0.00); 9 (0.00),0.02,0.13,0.07,0.07,"act: operation 0.97, target 0.81","[{""name"": ""click"", ""params"": {""index"": 8, ""label"": ""Multiply""}}]",click,Multiply,app://Calculator,,act,,,,True,right,,
q10b-native-dev-20260924,calc-multiply-s1_only-9e723a67,calc-multiply,s1_only,5,s1,"Clear the calculator, then compute 12 times 11 and leave the result on the display.",app://Calculator,24,click,0.97,1,0.92,1 (0.93); Clear (0.05); Equals (0.01); 4 (0.00); Multiply (0.00),0.02,0.09,0.08,0.06,"act: operation 0.97, target 0.92","[{""name"": ""click"", ""params"": {""index"": 13, ""label"": ""1""}}]",click,1,app://Calculator,,act,,,,True,right,,
q10b-native-dev-20260924,calc-multiply-s1_only-9e723a67,calc-multiply,s1_only,6,s1,"Clear the calculator, then compute 12 times 11 and leave the result on the display.",app://Calculator,24,click,0.98,1,0.81,1 (0.83); Equals (0.09); Clear (0.06); 2 (0.02); 4 (0.00),0.02,0.37,0.09,0.07,"act: operation 0.98, target 0.81","[{""name"": ""click"", ""params"": {""index"": 13, ""label"": ""1""}}]",click,1,app://Calculator,,act,,,,True,right,,
q10b-native-dev-20260924,calc-multiply-s1_only-9e723a67,calc-multiply,s1_only,7,s1,"Clear the calculator, then compute 12 times 11 and leave the result on the display.",app://Calculator,24,click,0.93,Equals,0.94,Equals (0.95); Clear (0.05); 4 (0.00); Multiply (0.00); 9 (0.00),0.03,0.52,0.1,0.07,"act: operation 0.93, target 0.94","[{""name"": ""click"", ""params"": {""index"": 20, ""label"": ""Equals""}}]",click,Equals,app://Calculator,,verification accept,,,,True,right,,
q10b-native-dev-20260924,calc-multiply-s1_only-9e723a67,calc-multiply,s1_only,8,s1,"Clear the calculator, then compute 12 times 11 and leave the result on the display.",app://Calculator,24,done,0.96,,,,0.94,0.45,0.51,0.09,"verification accept: complete p=0.88, max unmet p=0.10",[],done,,app://Calculator,,,accept,0.88,0.1,True,right,,
q10b-native-dev-20260924,calc-percent-dual-707b415c,calc-percent,dual,1,s1,"Clear the calculator, then compute 15 percent of 240 using the percent key and leave the result on the display.",app://Calculator,24,click,0.98,All Clear,0.92,All Clear (0.93); 1 (0.05); Percent (0.01); 4 (0.00); Multiply (0.00),0.02,0.05,0.07,0.08,"act: operation 0.98, target 0.92","[{""name"": ""click"", ""params"": {""index"": 2, ""label"": ""All Clear""}}]",click,All Clear,app://Calculator,,act,,,,True,right,,
q10b-native-dev-20260924,calc-percent-dual-707b415c,calc-percent,dual,2,s1,"Clear the calculator, then compute 15 percent of 240 using the percent key and leave the result on the display.",app://Calculator,24,click,0.92,1,0.72,1 (0.74); All Clear (0.13); 2 (0.08); Percent (0.04); 5 (0.01),0.02,0.07,0.07,0.06,"act: operation 0.92, target 0.72","[{""name"": ""click"", ""params"": {""index"": 13, ""label"": ""1""}}]",click,1,app://Calculator,,System 2 click [10] (Continuing entry of 15 after initial 1 to compute 15% of 240),,,,True,right,,
q10b-native-dev-20260924,calc-percent-dual-707b415c,calc-percent,dual,3,s2,"Clear the calculator, then compute 15 percent of 240 using the percent key and leave the result on the display.",app://Calculator,24,click,0.9,5,0.42,5 (0.46); Clear (0.34); 2 (0.14); Percent (0.04); 1 (0.01),0.02,0.11,0.09,0.08,System 2 click [10] (Continuing entry of 15 after initial 1 to compute 15% of 240),"[{""name"": ""click"", ""params"": {""index"": 10, ""label"": ""5""}}]",click,5,app://Calculator,,act,,,,True,unknown,,
q10b-native-dev-20260924,calc-percent-dual-707b415c,calc-percent,dual,4,s1,"Clear the calculator, then compute 15 percent of 240 using the percent key and leave the result on the display.",app://Calculator,24,click,0.94,Percent,0.63,Percent (0.66); 2 (0.15); Clear (0.10); Multiply (0.05); 4 (0.03),0.02,0.12,0.09,0.07,"act: operation 0.94, target 0.63","[{""name"": ""click"", ""params"": {""index"": 3, ""label"": ""Percent""}}]",click,Percent,app://Calculator,,act,,,,True,right,,
q10b-native-dev-20260924,calc-percent-dual-707b415c,calc-percent,dual,5,s1,"Clear the calculator, then compute 15 percent of 240 using the percent key and leave the result on the display.",app://Calculator,24,click,0.72,2,0.57,2 (0.60); Multiply (0.15); Clear (0.12); Equals (0.06); 4 (0.04),0.03,0.1,0.16,0.07,"act: operation 0.72, target 0.57","[{""name"": ""click"", ""params"": {""index"": 14, ""label"": ""2""}}]",click,2,app://Calculator,,retry_alternate,,,,True,right,,
q10b-native-dev-20260924,calc-percent-dual-707b415c,calc-percent,dual,6,s1,"Clear the calculator, then compute 15 percent of 240 using the percent key and leave the result on the display.",app://Calculator,24,click,0.8,0,0.32,4 (0.35); 0 (0.26); Equals (0.21); Clear (0.07); 2 (0.04),0.02,0.13,0.15,0.06,retry_alternate: retry_alternate: target confidence 0.32 < 0.45; alternate 18 p=0.26 within 0.15 of chosen p=0.35,"[{""name"": ""click"", ""params"": {""index"": 18, ""label"": ""0""}}]",click,0,app://Calculator,,act,,,,True,right,,
q10b-native-dev-20260924,calc-percent-dual-707b415c,calc-percent,dual,7,s1,"Clear the calculator, then compute 15 percent of 240 using the percent key and leave the result on the display.",app://Calculator,24,click,0.59,Equals,0.69,Equals (0.72); Clear (0.20); Percent (0.05); Multiply (0.03); 4 (0.00),0.03,0.12,0.22,0.07,"act: operation 0.59, target 0.69","[{""name"": ""click"", ""params"": {""index"": 20, ""label"": ""Equals""}}]",click,Equals,app://Calculator,,System 2 click [2] (Clearing calculator to restart 15% of 240 correctly),,,,True,right,,
q10b-native-dev-20260924,calc-percent-dual-707b415c,calc-percent,dual,8,s2,"Clear the calculator, then compute 15 percent of 240 using the percent key and leave the result on the display.",app://Calculator,24,blocked,0.34,,,,0.03,0.11,0.49,0.09,System 2 click [2] (Clearing calculator to restart 15% of 240 correctly),"[{""name"": ""click"", ""params"": {""index"": 2, ""label"": ""All Clear""}}]",click,All Clear,app://Calculator,,"System 2 click [14] (Display is cleared to 0, now entering 240 to start 15% of 24)",,,,True,unknown,,
q10b-native-dev-20260924,calc-percent-dual-707b415c,calc-percent,dual,9,s2,"Clear the calculator, then compute 15 percent of 240 using the percent key and leave the result on the display.",app://Calculator,24,click,0.87,All Clear,0.55,All Clear (0.57); 1 (0.38); Equals (0.03); Percent (0.01); 2 (0.01),0.02,0.89,0.15,0.09,"System 2 click [14] (Display is cleared to 0, now entering 240 to start 15% of 24)","[{""name"": ""click"", ""params"": {""index"": 14, ""label"": ""2""}}]",click,2,app://Calculator,,act,,,,True,unknown,,
q10b-native-dev-20260924,calc-percent-dual-707b415c,calc-percent,dual,10,s1,"Clear the calculator, then compute 15 percent of 240 using the percent key and leave the result on the display.",app://Calculator,24,click,0.88,4,0.55,4 (0.58); 0 (0.16); 1 (0.08); Clear (0.06); 3 (0.05),0.02,0.61,0.12,0.06,"act: operation 0.88, target 0.55","[{""name"": ""click"", ""params"": {""index"": 9, ""label"": ""4""}}]",click,4,app://Calculator,,act,,,,True,right,,
q10b-native-dev-20260924,calc-percent-dual-707b415c,calc-percent,dual,11,s1,"Clear the calculator, then compute 15 percent of 240 using the percent key and leave the result on the display.",app://Calculator,24,click,0.94,0,0.61,0 (0.63); Clear (0.14); Percent (0.09); 1 (0.07); 5 (0.04),0.02,0.57,0.11,0.06,"act: operation 0.94, target 0.61","[{""name"": ""click"", ""params"": {""index"": 18, ""label"": ""0""}}]",click,0,app://Calculator,,act,,,,True,right,,
q10b-native-dev-20260924,calc-percent-dual-707b415c,calc-percent,dual,12,s1,"Clear the calculator, then compute 15 percent of 240 using the percent key and leave the result on the display.",app://Calculator,24,click,0.94,1,0.57,1 (0.60); Percent (0.18); 5 (0.08); Multiply (0.07); Clear (0.05),0.03,0.51,0.1,0.06,"act: operation 0.94, target 0.57","[{""name"": ""click"", ""params"": {""index"": 13, ""label"": ""1""}}]",click,1,app://Calculator,,act,,,,True,right,,
q10b-native-dev-20260924,calc-percent-dual-707b415c,calc-percent,dual,13,s1,"Clear the calculator, then compute 15 percent of 240 using the percent key and leave the result on the display.",app://Calculator,24,click,0.88,5,0.61,5 (0.63); Percent (0.16); Multiply (0.14); Clear (0.06); Equals (0.01),0.02,0.63,0.11,0.07,"act: operation 0.88, target 0.61","[{""name"": ""click"", ""params"": {""index"": 10, ""label"": ""5""}}]",click,5,app://Calculator,,act,,,,True,right,,
q10b-native-dev-20260924,calc-percent-dual-707b415c,calc-percent,dual,14,s1,"Clear the calculator, then compute 15 percent of 240 using the percent key and leave the result on the display.",app://Calculator,24,click,0.92,Percent,0.74,Percent (0.76); Multiply (0.14); Clear (0.07); Equals (0.03); 4 (0.00),0.02,0.5,0.11,0.07,"act: operation 0.92, target 0.74","[{""name"": ""click"", ""params"": {""index"": 3, ""label"": ""Percent""}}]",click,Percent,app://Calculator,,"System 2 click [2] (Display shows 24,015% instead of 36, need to clear and resta)",,,,True,right,,
q10b-native-dev-20260924,calc-percent-dual-707b415c,calc-percent,dual,15,s2,"Clear the calculator, then compute 15 percent of 240 using the percent key and leave the result on the display.",app://Calculator,24,click,0.54,Equals,0.56,Equals (0.58); Clear (0.28); Percent (0.11); Multiply (0.02); Delete (0.01),0.02,0.2,0.31,0.08,"System 2 click [2] (Display shows 24,015% instead of 36, need to clear and resta)","[{""name"": ""click"", ""params"": {""index"": 2, ""label"": ""Clear""}}]",click,Clear,app://Calculator,,act,,,,True,unknown,,
q10b-native-dev-20260924,calc-percent-dual-707b415c,calc-percent,dual,16,s1,"Clear the calculator, then compute 15 percent of 240 using the percent key and leave the result on the display.",app://Calculator,24,click,0.85,All Clear,0.61,All Clear (0.64); 2 (0.28); Equals (0.04); Multiply (0.02); Percent (0.01),0.03,0.84,0.12,0.08,"act: operation 0.85, target 0.61","[{""name"": ""click"", ""params"": {""index"": 2, ""label"": ""All Clear""}}]",click,All Clear,app://Calculator,,act,,,,True,right,,
q10b-native-dev-20260924,calc-percent-dual-707b415c,calc-percent,dual,17,s1,"Clear the calculator, then compute 15 percent of 240 using the percent key and leave the result on the display.",app://Calculator,24,click,0.93,2,0.9,2 (0.92); All Clear (0.06); Percent (0.01); 1 (0.01); 4 (0.00),0.02,0.82,0.08,0.08,"act: operation 0.93, target 0.9","[{""name"": ""click"", ""params"": {""index"": 14, ""label"": ""2""}}]",click,2,app://Calculator,,retry_alternate,,,,True,right,,
q10b-native-dev-20260924,calc-percent-dual-707b415c,calc-percent,dual,18,s1,"Clear the calculator, then compute 15 percent of 240 using the percent key and leave the result on the display.",app://Calculator,24,click,0.92,4,0.35,Clear (0.39); 4 (0.25); 2 (0.12); 3 (0.10); 0 (0.09),0.01,0.79,0.09,0.07,retry_alternate: retry_alternate: target confidence 0.35 < 0.45; alternate 9 p=0.25 within 0.15 of chosen p=0.39,"[{""name"": ""click"", ""params"": {""index"": 9, ""label"": ""4""}}]",click,4,app://Calculator,,act,,,,True,right,,
q10b-native-dev-20260924,calc-percent-dual-707b415c,calc-percent,dual,19,s1,"Clear the calculator, then compute 15 percent of 240 using the percent key and leave the result on the display.",app://Calculator,24,click,0.94,0,0.51,0 (0.53); Clear (0.35); Multiply (0.06); Percent (0.02); 4 (0.01),0.02,0.76,0.11,0.08,"act: operation 0.94, target 0.51","[{""name"": ""click"", ""params"": {""index"": 18, ""label"": ""0""}}]",click,0,app://Calculator,,System 2 click [8] (Display shows 240 entered; pressing Multiply to continue 240),,,,True,right,,
q10b-native-dev-20260924,calc-percent-dual-707b415c,calc-percent,dual,20,s2,"Clear the calculator, then compute 15 percent of 240 using the percent key and leave the result on the display.",app://Calculator,24,click,0.95,Multiply,0.44,Multiply (0.48); 1 (0.26); Clear (0.12); Percent (0.11); 5 (0.02),0.02,0.68,0.09,0.07,System 2 click [8] (Display shows 240 entered; pressing Multiply to continue 240),"[{""name"": ""click"", ""params"": {""index"": 8, ""label"": ""Multiply""}}]",click,Multiply,app://Calculator,,act,,,,True,unknown,,
q10b-native-dev-20260924,calc-percent-dual-707b415c,calc-percent,dual,21,s1,"Clear the calculator, then compute 15 percent of 240 using the percent key and leave the result on the display.",app://Calculator,24,click,0.97,1,0.78,1 (0.80); Percent (0.07); 5 (0.06); Clear (0.03); 2 (0.02),0.02,0.52,0.08,0.06,"act: operation 0.97, target 0.78","[{""name"": ""click"", ""params"": {""index"": 13, ""label"": ""1""}}]",click,1,app://Calculator,,act,,,,True,right,,
q10b-native-dev-20260924,calc-percent-dual-707b415c,calc-percent,dual,22,s1,"Clear the calculator, then compute 15 percent of 240 using the percent key and leave the result on the display.",app://Calculator,24,click,0.94,5,0.87,5 (0.89); Clear (0.06); Percent (0.04); Equals (0.01); 4 (0.00),0.02,0.52,0.08,0.07,"act: operation 0.94, target 0.87","[{""name"": ""click"", ""params"": {""index"": 10, ""label"": ""5""}}]",click,5,app://Calculator,,act,,,,True,right,,
q10b-native-dev-20260924,calc-percent-dual-707b415c,calc-percent,dual,23,s1,"Clear the calculator, then compute 15 percent of 240 using the percent key and leave the result on the display.",app://Calculator,24,click,0.95,Percent,0.89,Percent (0.90); Clear (0.09); Equals (0.01); 4 (0.00); Multiply (0.00),0.02,0.66,0.09,0.07,"act: operation 0.95, target 0.89","[{""name"": ""click"", ""params"": {""index"": 3, ""label"": ""Percent""}}]",click,Percent,app://Calculator,,System 2 click [20] (Display shows 240×15% pending; pressing Equals to produce 36),,,,True,right,,
q10b-native-dev-20260924,calc-percent-dual-707b415c,calc-percent,dual,24,s2,"Clear the calculator, then compute 15 percent of 240 using the percent key and leave the result on the display.",app://Calculator,24,click,0.42,Equals,0.56,Equals (0.59); Clear (0.29); Percent (0.12); 4 (0.00); Multiply (0.00),0.05,0.12,0.4,0.07,System 2 click [20] (Display shows 240×15% pending; pressing Equals to produce 36),"[{""name"": ""click"", ""params"": {""index"": 20, ""label"": ""Equals""}}]",click,Equals,app://Calculator,,verification accept,,,,True,unknown,,
q10b-native-dev-20260924,calc-percent-dual-707b415c,calc-percent,dual,25,s1,"Clear the calculator, then compute 15 percent of 240 using the percent key and leave the result on the display.",app://Calculator,24,done,0.83,,,,0.82,0.1,0.42,0.08,"verification accept: complete p=0.87, max unmet p=0.15",[],done,,app://Calculator,,,accept,0.87,0.15,True,right,,
q10b-native-dev-20260924,calc-percent-dual-7ee994b5,calc-percent,dual,1,s1,"Clear the calculator, then compute 15 percent of 240 using the percent key and leave the result on the display.",app://Calculator,24,click,0.98,All Clear,0.95,All Clear (0.95); 1 (0.04); Percent (0.01); 4 (0.00); Multiply (0.00),0.02,0.04,0.06,0.07,"act: operation 0.98, target 0.95","[{""name"": ""click"", ""params"": {""index"": 2, ""label"": ""All Clear""}}]",click,All Clear,app://Calculator,,act,,,,True,right,,
q10b-native-dev-20260924,calc-percent-dual-7ee994b5,calc-percent,dual,2,s1,"Clear the calculator, then compute 15 percent of 240 using the percent key and leave the result on the display.",app://Calculator,24,click,0.92,1,0.67,1 (0.70); All Clear (0.19); 2 (0.06); Percent (0.05); 4 (0.00),0.02,0.07,0.08,0.07,"act: operation 0.92, target 0.67","[{""name"": ""click"", ""params"": {""index"": 13, ""label"": ""1""}}]",click,1,app://Calculator,,act,,,,True,right,,
q10b-native-dev-20260924,calc-percent-dual-7ee994b5,calc-percent,dual,3,s1,"Clear the calculator, then compute 15 percent of 240 using the percent key and leave the result on the display.",app://Calculator,24,click,0.89,5,0.54,5 (0.57); Clear (0.25); 2 (0.10); Percent (0.05); 1 (0.02),0.02,0.1,0.1,0.07,"act: operation 0.89, target 0.54","[{""name"": ""click"", ""params"": {""index"": 10, ""label"": ""5""}}]",click,5,app://Calculator,,retry_alternate,,,,True,right,,
q10b-native-dev-20260924,calc-percent-dual-7ee994b5,calc-percent,dual,4,s1,"Clear the calculator, then compute 15 percent of 240 using the percent key and leave the result on the display.",app://Calculator,24,click,0.93,2,0.31,Percent (0.35); 2 (0.26); Multiply (0.18); Clear (0.17); 4 (0.03),0.02,0.11,0.1,0.07,retry_alternate: retry_alternate: target confidence 0.31 < 0.45; alternate 14 p=0.26 within 0.15 of chosen p=0.35,"[{""name"": ""click"", ""params"": {""index"": 14, ""label"": ""2""}}]",click,2,app://Calculator,,act,,,,True,right,,
q10b-native-dev-20260924,calc-percent-dual-7ee994b5,calc-percent,dual,5,s1,"Clear the calculator, then compute 15 percent of 240 using the percent key and leave the result on the display.",app://Calculator,24,click,0.91,Clear,0.53,Clear (0.56); Percent (0.19); 4 (0.11); Multiply (0.06); 0 (0.03),0.02,0.15,0.13,0.1,"act: operation 0.91, target 0.53","[{""name"": ""click"", ""params"": {""index"": 2, ""label"": ""Clear""}}]",click,Clear,app://Calculator,,"System 2 click [14] (Display is cleared at 0, starting entry of 240×15% to get 36)",,,,True,right,,
q10b-native-dev-20260924,calc-percent-dual-7ee994b5,calc-percent,dual,6,s2,"Clear the calculator, then compute 15 percent of 240 using the percent key and leave the result on the display.",app://Calculator,24,click,0.91,All Clear,0.32,All Clear (0.36); 2 (0.31); 1 (0.14); Percent (0.12); 4 (0.02),0.02,0.79,0.1,0.07,"System 2 click [14] (Display is cleared at 0, starting entry of 240×15% to get 36)","[{""name"": ""click"", ""params"": {""index"": 14, ""label"": ""2""}}]",click,2,app://Calculator,,"System 2 click [9] (Display shows 2, continuing entry of 240 before multiplying )",,,,True,unknown,,
q10b-native-dev-20260924,calc-percent-dual-7ee994b5,calc-percent,dual,7,s2,"Clear the calculator, then compute 15 percent of 240 using the percent key and leave the result on the display.",app://Calculator,24,click,0.88,4,0.4,4 (0.44); 2 (0.17); 0 (0.13); Percent (0.09); Clear (0.07),0.02,0.81,0.1,0.07,"System 2 click [9] (Display shows 2, continuing entry of 240 before multiplying )","[{""name"": ""click"", ""params"": {""index"": 9, ""label"": ""4""}}]",click,4,app://Calculator,,act,,,,True,unknown,,
q10b-native-dev-20260924,calc-percent-dual-7ee994b5,calc-percent,dual,8,s1,"Clear the calculator, then compute 15 percent of 240 using the percent key and leave the result on the display.",app://Calculator,24,click,0.89,0,0.52,0 (0.55); Multiply (0.17); Clear (0.12); Percent (0.11); 4 (0.02),0.02,0.66,0.1,0.07,"act: operation 0.89, target 0.52","[{""name"": ""click"", ""params"": {""index"": 18, ""label"": ""0""}}]",click,0,app://Calculator,,act,,,,True,right,,
q10b-native-dev-20260924,calc-percent-dual-7ee994b5,calc-percent,dual,9,s1,"Clear the calculator, then compute 15 percent of 240 using the percent key and leave the result on the display.",app://Calculator,24,click,0.95,Multiply,0.66,Multiply (0.68); Percent (0.12); Clear (0.08); 1 (0.07); 5 (0.03),0.03,0.63,0.1,0.07,"act: operation 0.95, target 0.66","[{""name"": ""click"", ""params"": {""index"": 8, ""label"": ""Multiply""}}]",click,Multiply,app://Calculator,,act,,,,True,right,,
q10b-native-dev-20260924,calc-percent-dual-7ee994b5,calc-percent,dual,10,s1,"Clear the calculator, then compute 15 percent of 240 using the percent key and leave the result on the display.",app://Calculator,24,click,0.96,1,0.45,1 (0.49); Percent (0.37); 5 (0.08); Clear (0.03); Equals (0.02),0.02,0.36,0.09,0.06,"act: operation 0.96, target 0.45","[{""name"": ""click"", ""params"": {""index"": 13, ""label"": ""1""}}]",click,1,app://Calculator,,act,,,,True,right,,
q10b-native-dev-20260924,calc-percent-dual-7ee994b5,calc-percent,dual,11,s1,"Clear the calculator, then compute 15 percent of 240 using the percent key and leave the result on the display.",app://Calculator,24,click,0.95,5,0.8,5 (0.82); Percent (0.12); Clear (0.03); Equals (0.02); 4 (0.00),0.02,0.43,0.1,0.06,"act: operation 0.95, target 0.8","[{""name"": ""click"", ""params"": {""index"": 10, ""label"": ""5""}}]",click,5,app://Calculator,,act,,,,True,right,,
q10b-native-dev-20260924,calc-percent-dual-7ee994b5,calc-percent,dual,12,s1,"Clear the calculator, then compute 15 percent of 240 using the percent key and leave the result on the display.",app://Calculator,24,click,0.95,Percent,0.92,Percent (0.93); Clear (0.06); Equals (0.01); 4 (0.00); Multiply (0.00),0.02,0.55,0.1,0.06,"act: operation 0.95, target 0.92","[{""name"": ""click"", ""params"": {""index"": 3, ""label"": ""Percent""}}]",click,Percent,app://Calculator,,System 2 click [20] (Pressing Equals to complete 240×15% and show 36),,,,True,right,,
q10b-native-dev-20260924,calc-percent-dual-7ee994b5,calc-percent,dual,13,s2,"Clear the calculator, then compute 15 percent of 240 using the percent key and leave the result on the display.",app://Calculator,24,click,0.27,Equals,0.49,Equals (0.53); Clear (0.37); Percent (0.10); 4 (0.00); Multiply (0.00),0.05,0.11,0.4,0.07,System 2 click [20] (Pressing Equals to complete 240×15% and show 36),"[{""name"": ""click"", ""params"": {""index"": 20, ""label"": ""Equals""}}]",click,Equals,app://Calculator,,verification accept,,,,True,unknown,,
q10b-native-dev-20260924,calc-percent-dual-7ee994b5,calc-percent,dual,14,s1,"Clear the calculator, then compute 15 percent of 240 using the percent key and leave the result on the display.",app://Calculator,24,done,0.91,,,,0.82,0.11,0.41,0.09,"verification accept: complete p=0.93, max unmet p=0.05",[],done,,app://Calculator,,,accept,0.93,0.05,True,right,,
q10b-native-dev-20260924,calc-percent-dual-92e983cb,calc-percent,dual,1,s1,"Clear the calculator, then compute 15 percent of 240 using the percent key and leave the result on the display.",app://Calculator,24,click,0.98,All Clear,0.94,All Clear (0.95); 1 (0.04); Percent (0.01); 4 (0.00); Multiply (0.00),0.02,0.04,0.06,0.07,"act: operation 0.98, target 0.94","[{""name"": ""click"", ""params"": {""index"": 2, ""label"": ""All Clear""}}]",click,All Clear,app://Calculator,,act,,,,True,right,,
q10b-native-dev-20260924,calc-percent-dual-92e983cb,calc-percent,dual,2,s1,"Clear the calculator, then compute 15 percent of 240 using the percent key and leave the result on the display.",app://Calculator,24,click,0.91,1,0.7,1 (0.71); All Clear (0.16); Percent (0.06); 2 (0.05); Equals (0.01),0.02,0.07,0.07,0.06,"act: operation 0.91, target 0.7","[{""name"": ""click"", ""params"": {""index"": 13, ""label"": ""1""}}]",click,1,app://Calculator,,act,,,,True,right,,
q10b-native-dev-20260924,calc-percent-dual-92e983cb,calc-percent,dual,3,s1,"Clear the calculator, then compute 15 percent of 240 using the percent key and leave the result on the display.",app://Calculator,24,click,0.9,5,0.52,5 (0.55); Clear (0.28); 2 (0.09); Percent (0.05); 1 (0.02),0.02,0.1,0.09,0.07,"act: operation 0.90, target 0.52","[{""name"": ""click"", ""params"": {""index"": 10, ""label"": ""5""}}]",click,5,app://Calculator,,retry_alternate,,,,True,right,,
q10b-native-dev-20260924,calc-percent-dual-92e983cb,calc-percent,dual,4,s1,"Clear the calculator, then compute 15 percent of 240 using the percent key and leave the result on the display.",app://Calculator,24,click,0.92,Percent,0.36,2 (0.40); Percent (0.31); Clear (0.17); Multiply (0.11); 4 (0.01),0.02,0.11,0.09,0.06,retry_alternate: retry_alternate: target confidence 0.36 < 0.45; alternate 3 p=0.31 within 0.15 of chosen p=0.40,"[{""name"": ""click"", ""params"": {""index"": 3, ""label"": ""Percent""}}]",click,Percent,app://Calculator,,act,,,,True,right,,
q10b-native-dev-20260924,calc-percent-dual-92e983cb,calc-percent,dual,5,s1,"Clear the calculator, then compute 15 percent of 240 using the percent key and leave the result on the display.",app://Calculator,24,click,0.82,2,0.59,2 (0.62); Multiply (0.20); Clear (0.10); Percent (0.04); Equals (0.03),0.02,0.11,0.13,0.07,"act: operation 0.82, target 0.59","[{""name"": ""click"", ""params"": {""index"": 14, ""label"": ""2""}}]",click,2,app://Calculator,,"System 2 click [2] (Display shows incorrect partial entry 15%2, so clearing befo)",,,,True,right,,
q10b-native-dev-20260924,calc-percent-dual-92e983cb,calc-percent,dual,6,s2,"Clear the calculator, then compute 15 percent of 240 using the percent key and leave the result on the display.",app://Calculator,24,click,0.84,4,0.4,4 (0.43); 0 (0.19); Equals (0.16); Clear (0.09); 2 (0.06),0.02,0.12,0.15,0.07,"System 2 click [2] (Display shows incorrect partial entry 15%2, so clearing befo)","[{""name"": ""click"", ""params"": {""index"": 2, ""label"": ""Clear""}}]",click,Clear,app://Calculator,,System 2 click [2] (Clearing display with All Clear before entering 15% of 240),,,,True,unknown,,
q10b-native-dev-20260924,calc-percent-dual-92e983cb,calc-percent,dual,7,s2,"Clear the calculator, then compute 15 percent of 240 using the percent key and leave the result on the display.",app://Calculator,24,click,0.85,All Clear,0.39,All Clear (0.43); 2 (0.35); Multiply (0.08); Equals (0.06); 4 (0.04),0.02,0.73,0.11,0.08,System 2 click [2] (Clearing display with All Clear before entering 15% of 240),"[{""name"": ""click"", ""params"": {""index"": 2, ""label"": ""All Clear""}}]",click,All Clear,app://Calculator,,"System 2 click [14] (Display is cleared to 0, now entering 240 × 15% sequence sta)",,,,True,unknown,,
q10b-native-dev-20260924,calc-percent-dual-92e983cb,calc-percent,dual,8,s2,"Clear the calculator, then compute 15 percent of 240 using the percent key and leave the result on the display.",app://Calculator,24,click,0.9,1,0.65,1 (0.67); All Clear (0.24); Percent (0.03); Equals (0.02); 2 (0.02),0.02,0.92,0.1,0.07,"System 2 click [14] (Display is cleared to 0, now entering 240 × 15% sequence sta)","[{""name"": ""click"", ""params"": {""index"": 14, ""label"": ""2""}}]",click,2,app://Calculator,,retry_alternate,,,,True,unknown,,
q10b-native-dev-20260924,calc-percent-dual-92e983cb,calc-percent,dual,9,s1,"Clear the calculator, then compute 15 percent of 240 using the percent key and leave the result on the display.",app://Calculator,24,click,0.9,4,0.34,2 (0.37); 4 (0.34); 0 (0.07); 1 (0.06); Clear (0.05),0.02,0.84,0.09,0.07,retry_alternate: retry_alternate: target confidence 0.34 < 0.45; alternate 9 p=0.34 within 0.15 of chosen p=0.37,"[{""name"": ""click"", ""params"": {""index"": 9, ""label"": ""4""}}]",click,4,app://Calculator,,act,,,,True,right,,
q10b-native-dev-20260924,calc-percent-dual-92e983cb,calc-percent,dual,10,s1,"Clear the calculator, then compute 15 percent of 240 using the percent key and leave the result on the display.",app://Calculator,24,click,0.91,0,0.51,0 (0.54); Multiply (0.11); Percent (0.10); 1 (0.09); Clear (0.07),0.02,0.72,0.12,0.06,"act: operation 0.91, target 0.51","[{""name"": ""click"", ""params"": {""index"": 18, ""label"": ""0""}}]",click,0,app://Calculator,,retry_alternate,,,,True,right,,
q10b-native-dev-20260924,calc-percent-dual-92e983cb,calc-percent,dual,11,s1,"Clear the calculator, then compute 15 percent of 240 using the percent key and leave the result on the display.",app://Calculator,24,click,0.88,Multiply,0.33,1 (0.37); Multiply (0.30); Percent (0.20); Equals (0.06); 5 (0.04),0.03,0.66,0.13,0.06,retry_alternate: retry_alternate: target confidence 0.33 < 0.45; alternate 8 p=0.30 within 0.15 of chosen p=0.37,"[{""name"": ""click"", ""params"": {""index"": 8, ""label"": ""Multiply""}}]",click,Multiply,app://Calculator,,act,,,,True,right,,
q10b-native-dev-20260924,calc-percent-dual-92e983cb,calc-percent,dual,12,s1,"Clear the calculator, then compute 15 percent of 240 using the percent key and leave the result on the display.",app://Calculator,24,click,0.93,1,0.75,1 (0.77); Percent (0.12); 5 (0.06); Equals (0.02); Clear (0.02),0.02,0.62,0.09,0.05,"act: operation 0.93, target 0.75","[{""name"": ""click"", ""params"": {""index"": 13, ""label"": ""1""}}]",click,1,app://Calculator,,act,,,,True,right,,
q10b-native-dev-20260924,calc-percent-dual-92e983cb,calc-percent,dual,13,s1,"Clear the calculator, then compute 15 percent of 240 using the percent key and leave the result on the display.",app://Calculator,24,click,0.95,5,0.83,5 (0.84); Percent (0.12); Clear (0.02); Equals (0.01); 1 (0.01),0.02,0.6,0.09,0.06,"act: operation 0.95, target 0.83","[{""name"": ""click"", ""params"": {""index"": 10, ""label"": ""5""}}]",click,5,app://Calculator,,act,,,,True,right,,
q10b-native-dev-20260924,calc-percent-dual-92e983cb,calc-percent,dual,14,s1,"Clear the calculator, then compute 15 percent of 240 using the percent key and leave the result on the display.",app://Calculator,24,click,0.96,Percent,0.95,Percent (0.95); Clear (0.03); Equals (0.02); 4 (0.00); Multiply (0.00),0.02,0.6,0.09,0.06,"act: operation 0.96, target 0.95","[{""name"": ""click"", ""params"": {""index"": 3, ""label"": ""Percent""}}]",click,Percent,app://Calculator,,"System 2 click [20] (Expression 240×15% is entered, pressing Equals to compute re)",,,,True,right,,
q10b-native-dev-20260924,calc-percent-dual-92e983cb,calc-percent,dual,15,s2,"Clear the calculator, then compute 15 percent of 240 using the percent key and leave the result on the display.",app://Calculator,24,click,0.43,Equals,0.55,Equals (0.58); Clear (0.31); Percent (0.10); 3 (0.01); 4 (0.00),0.05,0.1,0.43,0.06,"System 2 click [20] (Expression 240×15% is entered, pressing Equals to compute re)","[{""name"": ""click"", ""params"": {""index"": 20, ""label"": ""Equals""}}]",click,Equals,app://Calculator,,verification accept,,,,True,unknown,,
q10b-native-dev-20260924,calc-percent-dual-92e983cb,calc-percent,dual,16,s1,"Clear the calculator, then compute 15 percent of 240 using the percent key and leave the result on the display.",app://Calculator,24,done,0.93,,,,0.84,0.1,0.48,0.09,"verification accept: complete p=0.94, max unmet p=0.04",[],done,,app://Calculator,,,accept,0.94,0.04,True,right,,
q10b-native-dev-20260924,calc-percent-s1_only-4d9f6a4a,calc-percent,s1_only,1,s1,"Clear the calculator, then compute 15 percent of 240 using the percent key and leave the result on the display.",app://Calculator,24,click,0.98,All Clear,0.94,All Clear (0.94); 1 (0.05); Percent (0.01); 4 (0.00); Multiply (0.00),0.02,0.04,0.06,0.07,"act: operation 0.98, target 0.94","[{""name"": ""click"", ""params"": {""index"": 2, ""label"": ""All Clear""}}]",click,All Clear,app://Calculator,,act,,,,False,right,,
q10b-native-dev-20260924,calc-percent-s1_only-4d9f6a4a,calc-percent,s1_only,2,s1,"Clear the calculator, then compute 15 percent of 240 using the percent key and leave the result on the display.",app://Calculator,24,click,0.91,1,0.71,1 (0.73); All Clear (0.16); Percent (0.06); 2 (0.03); Equals (0.01),0.02,0.07,0.07,0.06,"act: operation 0.91, target 0.71","[{""name"": ""click"", ""params"": {""index"": 13, ""label"": ""1""}}]",click,1,app://Calculator,,act,,,,False,right,,
q10b-native-dev-20260924,calc-percent-s1_only-4d9f6a4a,calc-percent,s1_only,3,s1,"Clear the calculator, then compute 15 percent of 240 using the percent key and leave the result on the display.",app://Calculator,24,click,0.91,5,0.55,5 (0.57); Clear (0.27); Percent (0.07); 2 (0.07); 1 (0.01),0.02,0.1,0.09,0.07,"act: operation 0.91, target 0.55","[{""name"": ""click"", ""params"": {""index"": 10, ""label"": ""5""}}]",click,5,app://Calculator,,retry_alternate,,,,False,right,,
q10b-native-dev-20260924,calc-percent-s1_only-4d9f6a4a,calc-percent,s1_only,4,s1,"Clear the calculator, then compute 15 percent of 240 using the percent key and leave the result on the display.",app://Calculator,24,click,0.91,Percent,0.31,2 (0.35); Percent (0.24); Multiply (0.21); Clear (0.17); 4 (0.02),0.02,0.1,0.1,0.08,retry_alternate: retry_alternate: target confidence 0.31 < 0.45; alternate 3 p=0.24 within 0.15 of chosen p=0.35,"[{""name"": ""click"", ""params"": {""index"": 3, ""label"": ""Percent""}}]",click,Percent,app://Calculator,,act,,,,False,right,,
q10b-native-dev-20260924,calc-percent-s1_only-4d9f6a4a,calc-percent,s1_only,5,s1,"Clear the calculator, then compute 15 percent of 240 using the percent key and leave the result on the display.",app://Calculator,24,click,0.87,2,0.61,2 (0.64); Multiply (0.22); Clear (0.06); Equals (0.04); Percent (0.03),0.02,0.1,0.12,0.06,"act: operation 0.87, target 0.61","[{""name"": ""click"", ""params"": {""index"": 14, ""label"": ""2""}}]",click,2,app://Calculator,,target_confidence,,,,False,wrong,,
q10b-native-dev-20260924,calc-percent-s1_only-4d9f6a4a,calc-percent,s1_only,6,s1,"Clear the calculator, then compute 15 percent of 240 using the percent key and leave the result on the display.",app://Calculator,24,click,0.83,4,0.44,4 (0.47); Clear (0.17); Equals (0.13); 0 (0.10); 2 (0.04),0.02,0.12,0.15,0.07,target_confidence: target confidence 0.44 < 0.45,[],,,app://Calculator,,,,,,False,wrong,,
q10b-native-dev-20260924,calc-percent-s1_only-79705101,calc-percent,s1_only,1,s1,"Clear the calculator, then compute 15 percent of 240 using the percent key and leave the result on the display.",app://Calculator,24,click,0.98,All Clear,0.94,All Clear (0.95); 1 (0.04); Percent (0.01); 4 (0.00); Multiply (0.00),0.02,0.04,0.06,0.09,"act: operation 0.98, target 0.94","[{""name"": ""click"", ""params"": {""index"": 2, ""label"": ""All Clear""}}]",click,All Clear,app://Calculator,,act,,,,False,right,,
q10b-native-dev-20260924,calc-percent-s1_only-79705101,calc-percent,s1_only,2,s1,"Clear the calculator, then compute 15 percent of 240 using the percent key and leave the result on the display.",app://Calculator,24,click,0.93,1,0.8,1 (0.81); All Clear (0.12); Percent (0.04); 2 (0.02); 4 (0.00),0.02,0.07,0.07,0.07,"act: operation 0.93, target 0.8","[{""name"": ""click"", ""params"": {""index"": 13, ""label"": ""1""}}]",click,1,app://Calculator,,act,,,,False,right,,
q10b-native-dev-20260924,calc-percent-s1_only-79705101,calc-percent,s1_only,3,s1,"Clear the calculator, then compute 15 percent of 240 using the percent key and leave the result on the display.",app://Calculator,24,click,0.91,5,0.49,5 (0.52); Clear (0.26); 2 (0.13); Percent (0.07); 1 (0.02),0.02,0.09,0.1,0.06,"act: operation 0.91, target 0.49","[{""name"": ""click"", ""params"": {""index"": 10, ""label"": ""5""}}]",click,5,app://Calculator,,target_confidence,,,,False,wrong,,
q10b-native-dev-20260924,calc-percent-s1_only-79705101,calc-percent,s1_only,4,s1,"Clear the calculator, then compute 15 percent of 240 using the percent key and leave the result on the display.",app://Calculator,24,click,0.93,Percent,0.36,Percent (0.40); 2 (0.23); Multiply (0.17); Clear (0.17); 4 (0.02),0.02,0.1,0.1,0.08,target_confidence: target confidence 0.36 < 0.45,[],,,app://Calculator,,,,,,False,wrong,,
q10b-native-dev-20260924,calc-percent-s1_only-8ce43e1a,calc-percent,s1_only,1,s1,"Clear the calculator, then compute 15 percent of 240 using the percent key and leave the result on the display.",app://Calculator,24,click,0.98,All Clear,0.91,All Clear (0.92); 1 (0.07); Percent (0.01); 4 (0.00); Multiply (0.00),0.02,0.04,0.07,0.07,"act: operation 0.98, target 0.91","[{""name"": ""click"", ""params"": {""index"": 2, ""label"": ""All Clear""}}]",click,All Clear,app://Calculator,,act,,,,False,right,,
q10b-native-dev-20260924,calc-percent-s1_only-8ce43e1a,calc-percent,s1_only,2,s1,"Clear the calculator, then compute 15 percent of 240 using the percent key and leave the result on the display.",app://Calculator,24,click,0.91,1,0.72,1 (0.74); All Clear (0.14); 2 (0.08); Percent (0.04); 4 (0.00),0.03,0.07,0.08,0.07,"act: operation 0.91, target 0.72","[{""name"": ""click"", ""params"": {""index"": 13, ""label"": ""1""}}]",click,1,app://Calculator,,act,,,,False,right,,
q10b-native-dev-20260924,calc-percent-s1_only-8ce43e1a,calc-percent,s1_only,3,s1,"Clear the calculator, then compute 15 percent of 240 using the percent key and leave the result on the display.",app://Calculator,24,click,0.93,5,0.51,5 (0.54); Clear (0.28); 2 (0.10); Percent (0.05); 1 (0.02),0.02,0.1,0.09,0.07,"act: operation 0.93, target 0.51","[{""name"": ""click"", ""params"": {""index"": 10, ""label"": ""5""}}]",click,5,app://Calculator,,retry_alternate,,,,False,right,,
q10b-native-dev-20260924,calc-percent-s1_only-8ce43e1a,calc-percent,s1_only,4,s1,"Clear the calculator, then compute 15 percent of 240 using the percent key and leave the result on the display.",app://Calculator,24,click,0.92,2,0.32,Percent (0.36); 2 (0.25); Clear (0.21); Multiply (0.16); 4 (0.02),0.02,0.11,0.1,0.07,retry_alternate: retry_alternate: target confidence 0.32 < 0.45; alternate 14 p=0.25 within 0.15 of chosen p=0.36,"[{""name"": ""click"", ""params"": {""index"": 14, ""label"": ""2""}}]",click,2,app://Calculator,,target_confidence,,,,False,wrong,,
q10b-native-dev-20260924,calc-percent-s1_only-8ce43e1a,calc-percent,s1_only,5,s1,"Clear the calculator, then compute 15 percent of 240 using the percent key and leave the result on the display.",app://Calculator,24,click,0.89,Clear,0.42,Clear (0.46); Percent (0.20); 4 (0.14); Multiply (0.12); Equals (0.02),0.02,0.17,0.13,0.1,target_confidence: target confidence 0.42 < 0.45,[],,,app://Calculator,,,,,,False,wrong,,
q10b-native-dev-20260924,calc-read-result-dual-1a8c23a6,calc-read-result,dual,1,s1,"Clear the calculator, compute 9 times 9 and report the result.",app://Calculator,24,click,0.99,All Clear,0.89,All Clear (0.90); 9 (0.10); 4 (0.00); Multiply (0.00); 8 (0.00),0.02,0.05,0.12,0.09,"act: operation 0.99, target 0.89","[{""name"": ""click"", ""params"": {""index"": 2, ""label"": ""All Clear""}}]",click,All Clear,app://Calculator,,act,,,,False,right,,
q10b-native-dev-20260924,calc-read-result-dual-1a8c23a6,calc-read-result,dual,2,s1,"Clear the calculator, compute 9 times 9 and report the result.",app://Calculator,24,click,0.97,9,0.95,9 (0.96); All Clear (0.04); 4 (0.00); Multiply (0.00); 8 (0.00),0.02,0.08,0.13,0.07,"act: operation 0.97, target 0.95","[{""name"": ""click"", ""params"": {""index"": 7, ""label"": ""9""}}]",click,9,app://Calculator,,act,,,,False,right,,
q10b-native-dev-20260924,calc-read-result-dual-1a8c23a6,calc-read-result,dual,3,s1,"Clear the calculator, compute 9 times 9 and report the result.",app://Calculator,24,click,0.98,Multiply,0.81,Multiply (0.83); Clear (0.09); 9 (0.08); 4 (0.00); 8 (0.00),0.02,0.08,0.16,0.06,"act: operation 0.98, target 0.81","[{""name"": ""click"", ""params"": {""index"": 8, ""label"": ""Multiply""}}]",click,Multiply,app://Calculator,,act,,,,False,right,,
q10b-native-dev-20260924,calc-read-result-dual-1a8c23a6,calc-read-result,dual,4,s1,"Clear the calculator, compute 9 times 9 and report the result.",app://Calculator,24,click,0.99,9,0.9,9 (0.91); Equals (0.06); Clear (0.03); 4 (0.00); Multiply (0.00),0.02,0.07,0.16,0.05,"act: operation 0.99, target 0.9","[{""name"": ""click"", ""params"": {""index"": 7, ""label"": ""9""}}]",click,9,app://Calculator,,act,,,,False,right,,
q10b-native-dev-20260924,calc-read-result-dual-1a8c23a6,calc-read-result,dual,5,s1,"Clear the calculator, compute 9 times 9 and report the result.",app://Calculator,24,click,0.95,Equals,0.93,Equals (0.94); Clear (0.06); 4 (0.00); Multiply (0.00); 9 (0.00),0.04,0.22,0.32,0.06,"act: operation 0.95, target 0.93","[{""name"": ""click"", ""params"": {""index"": 20, ""label"": ""Equals""}}]",click,Equals,app://Calculator,,"System 2 done refused, verification verify",,,,False,right,,
q10b-native-dev-20260924,calc-read-result-dual-1a8c23a6,calc-read-result,dual,6,s2,"Clear the calculator, compute 9 times 9 and report the result.",app://Calculator,24,done,0.97,,,,0.84,0.12,0.83,0.07,"System 2 done refused, verification verify: uncertain: complete p=0.65, max unmet p=0.19",[],,,app://Calculator,,"System 2 done refused, verification verify",verify,0.65,0.19,False,unknown,,
q10b-native-dev-20260924,calc-read-result-dual-1a8c23a6,calc-read-result,dual,7,s2,"Clear the calculator, compute 9 times 9 and report the result.",app://Calculator,24,done,0.89,,,,0.72,0.2,0.86,0.09,"System 2 done refused, verification verify: uncertain: complete p=0.64, max unmet p=0.23; ledger carried 1 requirement(s",[],,,app://Calculator,"s2 fatal: done refused 2 times; uncertain: complete p=0.64, max unmet p=0.23; le",,verify,0.64,0.23,False,unknown,,
q10b-native-dev-20260924,calc-read-result-dual-399da725,calc-read-result,dual,1,s1,"Clear the calculator, compute 9 times 9 and report the result.",app://Calculator,24,click,0.99,All Clear,0.86,All Clear (0.87); 9 (0.13); 4 (0.00); Multiply (0.00); 8 (0.00),0.03,0.05,0.13,0.08,"act: operation 0.99, target 0.86","[{""name"": ""click"", ""params"": {""index"": 2, ""label"": ""All Clear""}}]",click,All Clear,app://Calculator,,act,,,,False,right,,
q10b-native-dev-20260924,calc-read-result-dual-399da725,calc-read-result,dual,2,s1,"Clear the calculator, compute 9 times 9 and report the result.",app://Calculator,24,click,0.98,9,0.95,9 (0.95); All Clear (0.04); Multiply (0.01); 4 (0.00); 8 (0.00),0.02,0.08,0.14,0.07,"act: operation 0.98, target 0.95","[{""name"": ""click"", ""params"": {""index"": 7, ""label"": ""9""}}]",click,9,app://Calculator,,act,,,,False,right,,
q10b-native-dev-20260924,calc-read-result-dual-399da725,calc-read-result,dual,3,s1,"Clear the calculator, compute 9 times 9 and report the result.",app://Calculator,24,click,0.98,Multiply,0.79,Multiply (0.81); Clear (0.10); 9 (0.09); 4 (0.00); 8 (0.00),0.02,0.08,0.15,0.05,"act: operation 0.98, target 0.79","[{""name"": ""click"", ""params"": {""index"": 8, ""label"": ""Multiply""}}]",click,Multiply,app://Calculator,,act,,,,False,right,,
q10b-native-dev-20260924,calc-read-result-dual-399da725,calc-read-result,dual,4,s1,"Clear the calculator, compute 9 times 9 and report the result.",app://Calculator,24,click,0.98,9,0.92,9 (0.93); Equals (0.05); Clear (0.02); 4 (0.00); Multiply (0.00),0.02,0.08,0.15,0.05,"act: operation 0.98, target 0.92","[{""name"": ""click"", ""params"": {""index"": 7, ""label"": ""9""}}]",click,9,app://Calculator,,act,,,,False,right,,
q10b-native-dev-20260924,calc-read-result-dual-399da725,calc-read-result,dual,5,s1,"Clear the calculator, compute 9 times 9 and report the result.",app://Calculator,24,click,0.96,Equals,0.93,Equals (0.94); Clear (0.06); 4 (0.00); Multiply (0.00); 9 (0.00),0.04,0.19,0.28,0.06,"act: operation 0.96, target 0.93","[{""name"": ""click"", ""params"": {""index"": 20, ""label"": ""Equals""}}]",click,Equals,app://Calculator,,"System 2 done refused, verification verify",,,,False,right,,
q10b-native-dev-20260924,calc-read-result-dual-399da725,calc-read-result,dual,6,s2,"Clear the calculator, compute 9 times 9 and report the result.",app://Calculator,24,done,0.97,,,,0.85,0.18,0.81,0.08,"System 2 done refused, verification verify: uncertain: complete p=0.57, max unmet p=0.20",[],,,app://Calculator,,"System 2 done refused, verification verify",verify,0.57,0.2,False,unknown,,
q10b-native-dev-20260924,calc-read-result-dual-399da725,calc-read-result,dual,7,s2,"Clear the calculator, compute 9 times 9 and report the result.",app://Calculator,24,done,0.93,,,,0.76,0.21,0.85,0.09,"System 2 done refused, verification verify: uncertain: complete p=0.65, max unmet p=0.19",[],,,app://Calculator,"s2 fatal: done refused 2 times; uncertain: complete p=0.65, max unmet p=0.19",,verify,0.65,0.19,False,unknown,,
q10b-native-dev-20260924,calc-read-result-dual-74e901e0,calc-read-result,dual,1,s1,"Clear the calculator, compute 9 times 9 and report the result.",app://Calculator,24,click,0.99,All Clear,0.88,All Clear (0.89); 9 (0.11); 4 (0.00); Multiply (0.00); 8 (0.00),0.02,0.05,0.12,0.08,"act: operation 0.99, target 0.88","[{""name"": ""click"", ""params"": {""index"": 2, ""label"": ""All Clear""}}]",click,All Clear,app://Calculator,,act,,,,False,right,,
q10b-native-dev-20260924,calc-read-result-dual-74e901e0,calc-read-result,dual,2,s1,"Clear the calculator, compute 9 times 9 and report the result.",app://Calculator,24,click,0.97,9,0.96,9 (0.96); All Clear (0.03); Multiply (0.01); 4 (0.00); 8 (0.00),0.02,0.08,0.13,0.07,"act: operation 0.97, target 0.96","[{""name"": ""click"", ""params"": {""index"": 7, ""label"": ""9""}}]",click,9,app://Calculator,,act,,,,False,right,,
q10b-native-dev-20260924,calc-read-result-dual-74e901e0,calc-read-result,dual,3,s1,"Clear the calculator, compute 9 times 9 and report the result.",app://Calculator,24,click,0.98,Multiply,0.8,Multiply (0.81); Clear (0.11); 9 (0.07); 4 (0.00); 8 (0.00),0.02,0.09,0.16,0.06,"act: operation 0.98, target 0.8","[{""name"": ""click"", ""params"": {""index"": 8, ""label"": ""Multiply""}}]",click,Multiply,app://Calculator,,act,,,,False,right,,
q10b-native-dev-20260924,calc-read-result-dual-74e901e0,calc-read-result,dual,4,s1,"Clear the calculator, compute 9 times 9 and report the result.",app://Calculator,24,click,0.98,9,0.88,9 (0.89); Equals (0.07); Clear (0.03); Multiply (0.01); 4 (0.00),0.02,0.07,0.17,0.05,"act: operation 0.98, target 0.88","[{""name"": ""click"", ""params"": {""index"": 7, ""label"": ""9""}}]",click,9,app://Calculator,,act,,,,False,right,,
q10b-native-dev-20260924,calc-read-result-dual-74e901e0,calc-read-result,dual,5,s1,"Clear the calculator, compute 9 times 9 and report the result.",app://Calculator,24,click,0.97,Equals,0.94,Equals (0.94); Clear (0.06); 4 (0.00); Multiply (0.00); 9 (0.00),0.03,0.19,0.28,0.06,"act: operation 0.97, target 0.94","[{""name"": ""click"", ""params"": {""index"": 20, ""label"": ""Equals""}}]",click,Equals,app://Calculator,,"System 2 done refused, verification verify",,,,False,right,,
q10b-native-dev-20260924,calc-read-result-dual-74e901e0,calc-read-result,dual,6,s2,"Clear the calculator, compute 9 times 9 and report the result.",app://Calculator,24,done,0.94,,,,0.82,0.15,0.84,0.07,"System 2 done refused, verification verify: uncertain: complete p=0.56, max unmet p=0.19",[],,,app://Calculator,,"System 2 done refused, verification verify",verify,0.56,0.19,False,unknown,,
q10b-native-dev-20260924,calc-read-result-dual-74e901e0,calc-read-result,dual,7,s2,"Clear the calculator, compute 9 times 9 and report the result.",app://Calculator,24,done,0.93,,,,0.75,0.21,0.86,0.09,"System 2 done refused, verification verify: uncertain: complete p=0.60, max unmet p=0.18; ledger carried 1 requirement(s",[],,,app://Calculator,"s2 fatal: done refused 2 times; uncertain: complete p=0.60, max unmet p=0.18; le",,verify,0.6,0.18,False,unknown,,
q10b-native-dev-20260924,calc-read-result-s1_only-426523ae,calc-read-result,s1_only,1,s1,"Clear the calculator, compute 9 times 9 and report the result.",app://Calculator,24,click,0.99,All Clear,0.89,All Clear (0.90); 9 (0.10); 4 (0.00); Multiply (0.00); 8 (0.00),0.02,0.05,0.12,0.08,"act: operation 0.99, target 0.89","[{""name"": ""click"", ""params"": {""index"": 2, ""label"": ""All Clear""}}]",click,All Clear,app://Calculator,,act,,,,False,right,,
q10b-native-dev-20260924,calc-read-result-s1_only-426523ae,calc-read-result,s1_only,2,s1,"Clear the calculator, compute 9 times 9 and report the result.",app://Calculator,24,click,0.98,9,0.95,9 (0.96); All Clear (0.03); Multiply (0.01); 4 (0.00); 8 (0.00),0.02,0.08,0.14,0.06,"act: operation 0.98, target 0.95","[{""name"": ""click"", ""params"": {""index"": 7, ""label"": ""9""}}]",click,9,app://Calculator,,act,,,,False,right,,
q10b-native-dev-20260924,calc-read-result-s1_only-426523ae,calc-read-result,s1_only,3,s1,"Clear the calculator, compute 9 times 9 and report the result.",app://Calculator,24,click,0.99,Multiply,0.85,Multiply (0.86); Clear (0.08); 9 (0.06); 4 (0.00); 8 (0.00),0.02,0.08,0.15,0.06,"act: operation 0.99, target 0.85","[{""name"": ""click"", ""params"": {""index"": 8, ""label"": ""Multiply""}}]",click,Multiply,app://Calculator,,act,,,,False,right,,
q10b-native-dev-20260924,calc-read-result-s1_only-426523ae,calc-read-result,s1_only,4,s1,"Clear the calculator, compute 9 times 9 and report the result.",app://Calculator,24,click,0.99,9,0.9,9 (0.91); Equals (0.05); Clear (0.03); Multiply (0.01); 4 (0.00),0.02,0.07,0.17,0.05,"act: operation 0.99, target 0.9","[{""name"": ""click"", ""params"": {""index"": 7, ""label"": ""9""}}]",click,9,app://Calculator,,act,,,,False,right,,
q10b-native-dev-20260924,calc-read-result-s1_only-426523ae,calc-read-result,s1_only,5,s1,"Clear the calculator, compute 9 times 9 and report the result.",app://Calculator,24,click,0.95,Equals,0.95,Equals (0.95); Clear (0.05); 4 (0.00); Multiply (0.00); 9 (0.00),0.03,0.22,0.3,0.06,"act: operation 0.95, target 0.95","[{""name"": ""click"", ""params"": {""index"": 20, ""label"": ""Equals""}}]",click,Equals,app://Calculator,,done without an answer on an answer task; not verified,,,,False,wrong,,
q10b-native-dev-20260924,calc-read-result-s1_only-426523ae,calc-read-result,s1_only,6,s1,"Clear the calculator, compute 9 times 9 and report the result.",app://Calculator,24,done,0.96,,,,0.83,0.16,0.81,0.08,done without an answer on an answer task; not verified,[],,,app://Calculator,,,,,,False,wrong,,
q10b-native-dev-20260924,calc-read-result-s1_only-c440015d,calc-read-result,s1_only,1,s1,"Clear the calculator, compute 9 times 9 and report the result.",app://Calculator,24,click,0.99,All Clear,0.88,All Clear (0.89); 9 (0.11); 4 (0.00); Multiply (0.00); 8 (0.00),0.02,0.04,0.13,0.08,"act: operation 0.99, target 0.88","[{""name"": ""click"", ""params"": {""index"": 2, ""label"": ""All Clear""}}]",click,All Clear,app://Calculator,,act,,,,False,right,,
q10b-native-dev-20260924,calc-read-result-s1_only-c440015d,calc-read-result,s1_only,2,s1,"Clear the calculator, compute 9 times 9 and report the result.",app://Calculator,24,click,0.97,9,0.96,9 (0.97); All Clear (0.03); 4 (0.00); Multiply (0.00); 8 (0.00),0.02,0.08,0.13,0.06,"act: operation 0.97, target 0.96","[{""name"": ""click"", ""params"": {""index"": 7, ""label"": ""9""}}]",click,9,app://Calculator,,act,,,,False,right,,
q10b-native-dev-20260924,calc-read-result-s1_only-c440015d,calc-read-result,s1_only,3,s1,"Clear the calculator, compute 9 times 9 and report the result.",app://Calculator,24,click,0.98,Multiply,0.82,Multiply (0.84); Clear (0.11); 9 (0.05); 4 (0.00); 8 (0.00),0.02,0.08,0.16,0.06,"act: operation 0.98, target 0.82","[{""name"": ""click"", ""params"": {""index"": 8, ""label"": ""Multiply""}}]",click,Multiply,app://Calculator,,act,,,,False,right,,
q10b-native-dev-20260924,calc-read-result-s1_only-c440015d,calc-read-result,s1_only,4,s1,"Clear the calculator, compute 9 times 9 and report the result.",app://Calculator,24,click,0.98,9,0.92,9 (0.93); Equals (0.04); Clear (0.02); 4 (0.00); Multiply (0.00),0.02,0.07,0.17,0.05,"act: operation 0.98, target 0.92","[{""name"": ""click"", ""params"": {""index"": 7, ""label"": ""9""}}]",click,9,app://Calculator,,act,,,,False,right,,
q10b-native-dev-20260924,calc-read-result-s1_only-c440015d,calc-read-result,s1_only,5,s1,"Clear the calculator, compute 9 times 9 and report the result.",app://Calculator,24,click,0.95,Equals,0.94,Equals (0.95); Clear (0.05); 4 (0.00); Multiply (0.00); 9 (0.00),0.04,0.23,0.32,0.06,"act: operation 0.95, target 0.94","[{""name"": ""click"", ""params"": {""index"": 20, ""label"": ""Equals""}}]",click,Equals,app://Calculator,,done without an answer on an answer task; not verified,,,,False,wrong,,
q10b-native-dev-20260924,calc-read-result-s1_only-c440015d,calc-read-result,s1_only,6,s1,"Clear the calculator, compute 9 times 9 and report the result.",app://Calculator,24,done,0.96,,,,0.86,0.14,0.81,0.08,done without an answer on an answer task; not verified,[],,,app://Calculator,,,,,,False,wrong,,
q10b-native-dev-20260924,calc-read-result-s1_only-fd920e39,calc-read-result,s1_only,1,s1,"Clear the calculator, compute 9 times 9 and report the result.",app://Calculator,24,click,0.99,All Clear,0.81,All Clear (0.83); 9 (0.17); 4 (0.00); Multiply (0.00); 8 (0.00),0.02,0.05,0.13,0.09,"act: operation 0.99, target 0.81","[{""name"": ""click"", ""params"": {""index"": 2, ""label"": ""All Clear""}}]",click,All Clear,app://Calculator,,act,,,,False,right,,
q10b-native-dev-20260924,calc-read-result-s1_only-fd920e39,calc-read-result,s1_only,2,s1,"Clear the calculator, compute 9 times 9 and report the result.",app://Calculator,24,click,0.98,9,0.95,9 (0.95); All Clear (0.04); Multiply (0.01); 4 (0.00); 8 (0.00),0.02,0.07,0.14,0.07,"act: operation 0.98, target 0.95","[{""name"": ""click"", ""params"": {""index"": 7, ""label"": ""9""}}]",click,9,app://Calculator,,act,,,,False,right,,
q10b-native-dev-20260924,calc-read-result-s1_only-fd920e39,calc-read-result,s1_only,3,s1,"Clear the calculator, compute 9 times 9 and report the result.",app://Calculator,24,click,0.98,Multiply,0.78,Multiply (0.80); Clear (0.11); 9 (0.09); 4 (0.00); 8 (0.00),0.02,0.09,0.16,0.06,"act: operation 0.98, target 0.78","[{""name"": ""click"", ""params"": {""index"": 8, ""label"": ""Multiply""}}]",click,Multiply,app://Calculator,,act,,,,False,right,,
q10b-native-dev-20260924,calc-read-result-s1_only-fd920e39,calc-read-result,s1_only,4,s1,"Clear the calculator, compute 9 times 9 and report the result.",app://Calculator,24,click,0.98,9,0.89,9 (0.91); Equals (0.05); Clear (0.04); 4 (0.00); Multiply (0.00),0.02,0.08,0.16,0.05,"act: operation 0.98, target 0.89","[{""name"": ""click"", ""params"": {""index"": 7, ""label"": ""9""}}]",click,9,app://Calculator,,act,,,,False,right,,
q10b-native-dev-20260924,calc-read-result-s1_only-fd920e39,calc-read-result,s1_only,5,s1,"Clear the calculator, compute 9 times 9 and report the result.",app://Calculator,24,click,0.96,Equals,0.94,Equals (0.95); Clear (0.05); 4 (0.00); Multiply (0.00); 9 (0.00),0.03,0.19,0.3,0.06,"act: operation 0.96, target 0.94","[{""name"": ""click"", ""params"": {""index"": 20, ""label"": ""Equals""}}]",click,Equals,app://Calculator,,done without an answer on an answer task; not verified,,,,False,wrong,,
q10b-native-dev-20260924,calc-read-result-s1_only-fd920e39,calc-read-result,s1_only,6,s1,"Clear the calculator, compute 9 times 9 and report the result.",app://Calculator,24,done,0.97,,,,0.83,0.12,0.81,0.08,done without an answer on an answer task; not verified,[],,,app://Calculator,,,,,,False,wrong,,
q10b-native-dev-20260924,calc-subtract-dual-b7a60279,calc-subtract,dual,1,s1,"Clear the calculator, then compute 250 minus 75 and leave the result on the display.",app://Calculator,24,click,0.99,All Clear,0.86,All Clear (0.88); 2 (0.12); 4 (0.00); Multiply (0.00); 9 (0.00),0.02,0.04,0.06,0.11,"act: operation 0.99, target 0.86","[{""name"": ""click"", ""params"": {""index"": 2, ""label"": ""All Clear""}}]",click,All Clear,app://Calculator,,act,,,,True,right,,
q10b-native-dev-20260924,calc-subtract-dual-b7a60279,calc-subtract,dual,2,s1,"Clear the calculator, then compute 250 minus 75 and leave the result on the display.",app://Calculator,24,click,0.96,2,0.9,2 (0.92); All Clear (0.08); 4 (0.00); Multiply (0.00); 9 (0.00),0.02,0.07,0.06,0.07,"act: operation 0.96, target 0.9","[{""name"": ""click"", ""params"": {""index"": 14, ""label"": ""2""}}]",click,2,app://Calculator,,act,,,,True,right,,
q10b-native-dev-20260924,calc-subtract-dual-b7a60279,calc-subtract,dual,3,s1,"Clear the calculator, then compute 250 minus 75 and leave the result on the display.",app://Calculator,24,click,0.93,5,0.59,5 (0.62); Clear (0.32); 0 (0.04); 2 (0.01); Subtract (0.01),0.01,0.11,0.09,0.09,"act: operation 0.93, target 0.59","[{""name"": ""click"", ""params"": {""index"": 10, ""label"": ""5""}}]",click,5,app://Calculator,,act,,,,True,right,,
q10b-native-dev-20260924,calc-subtract-dual-b7a60279,calc-subtract,dual,4,s1,"Clear the calculator, then compute 250 minus 75 and leave the result on the display.",app://Calculator,24,click,0.94,0,0.64,0 (0.67); Clear (0.24); Subtract (0.07); 7 (0.01); 5 (0.01),0.02,0.11,0.1,0.08,"act: operation 0.94, target 0.64","[{""name"": ""click"", ""params"": {""index"": 18, ""label"": ""0""}}]",click,0,app://Calculator,,act,,,,True,right,,
q10b-native-dev-20260924,calc-subtract-dual-b7a60279,calc-subtract,dual,5,s1,"Clear the calculator, then compute 250 minus 75 and leave the result on the display.",app://Calculator,24,click,0.97,Subtract,0.79,Subtract (0.80); Clear (0.14); 7 (0.05); 4 (0.00); Multiply (0.00),0.03,0.1,0.07,0.08,"act: operation 0.97, target 0.79","[{""name"": ""click"", ""params"": {""index"": 12, ""label"": ""Subtract""}}]",click,Subtract,app://Calculator,,act,,,,True,right,,
q10b-native-dev-20260924,calc-subtract-dual-b7a60279,calc-subtract,dual,6,s1,"Clear the calculator, then compute 250 minus 75 and leave the result on the display.",app://Calculator,24,click,0.98,7,0.95,7 (0.96); Clear (0.04); 4 (0.00); Multiply (0.00); 9 (0.00),0.02,0.09,0.07,0.05,"act: operation 0.98, target 0.95","[{""name"": ""click"", ""params"": {""index"": 5, ""label"": ""7""}}]",click,7,app://Calculator,,act,,,,True,right,,
q10b-native-dev-20260924,calc-subtract-dual-b7a60279,calc-subtract,dual,7,s1,"Clear the calculator, then compute 250 minus 75 and leave the result on the display.",app://Calculator,24,click,0.96,5,0.91,5 (0.92); Clear (0.06); 7 (0.02); 4 (0.00); Multiply (0.00),0.02,0.11,0.1,0.07,"act: operation 0.96, target 0.91","[{""name"": ""click"", ""params"": {""index"": 10, ""label"": ""5""}}]",click,5,app://Calculator,,act,,,,True,right,,
q10b-native-dev-20260924,calc-subtract-dual-b7a60279,calc-subtract,dual,8,s1,"Clear the calculator, then compute 250 minus 75 and leave the result on the display.",app://Calculator,24,click,0.97,Equals,0.95,Equals (0.95); Clear (0.05); 4 (0.00); Multiply (0.00); 9 (0.00),0.03,0.31,0.1,0.07,"act: operation 0.97, target 0.95","[{""name"": ""click"", ""params"": {""index"": 20, ""label"": ""Equals""}}]",click,Equals,app://Calculator,,verification accept,,,,True,right,,
q10b-native-dev-20260924,calc-subtract-dual-b7a60279,calc-subtract,dual,9,s1,"Clear the calculator, then compute 250 minus 75 and leave the result on the display.",app://Calculator,24,done,0.95,,,,0.93,0.24,0.59,0.08,"verification accept: complete p=0.90, max unmet p=0.08",[],done,,app://Calculator,,,accept,0.9,0.08,True,right,,
q10b-native-dev-20260924,calc-subtract-dual-f0dbe6ed,calc-subtract,dual,1,s1,"Clear the calculator, then compute 250 minus 75 and leave the result on the display.",app://Calculator,24,click,0.99,All Clear,0.88,All Clear (0.89); 2 (0.11); 4 (0.00); Multiply (0.00); 9 (0.00),0.02,0.04,0.06,0.1,"act: operation 0.99, target 0.88","[{""name"": ""click"", ""params"": {""index"": 2, ""label"": ""All Clear""}}]",click,All Clear,app://Calculator,,act,,,,True,right,,
q10b-native-dev-20260924,calc-subtract-dual-f0dbe6ed,calc-subtract,dual,2,s1,"Clear the calculator, then compute 250 minus 75 and leave the result on the display.",app://Calculator,24,click,0.95,2,0.89,2 (0.91); All Clear (0.08); Subtract (0.01); 4 (0.00); Multiply (0.00),0.03,0.07,0.06,0.07,"act: operation 0.95, target 0.89","[{""name"": ""click"", ""params"": {""index"": 14, ""label"": ""2""}}]",click,2,app://Calculator,,act,,,,True,right,,
q10b-native-dev-20260924,calc-subtract-dual-f0dbe6ed,calc-subtract,dual,3,s1,"Clear the calculator, then compute 250 minus 75 and leave the result on the display.",app://Calculator,24,click,0.93,5,0.71,5 (0.73); Clear (0.22); 0 (0.04); Subtract (0.01); 4 (0.00),0.01,0.11,0.1,0.08,"act: operation 0.93, target 0.71","[{""name"": ""click"", ""params"": {""index"": 10, ""label"": ""5""}}]",click,5,app://Calculator,,act,,,,True,right,,
q10b-native-dev-20260924,calc-subtract-dual-f0dbe6ed,calc-subtract,dual,4,s1,"Clear the calculator, then compute 250 minus 75 and leave the result on the display.",app://Calculator,24,click,0.94,0,0.64,0 (0.67); Clear (0.26); Subtract (0.05); 7 (0.01); 5 (0.01),0.02,0.11,0.1,0.09,"act: operation 0.94, target 0.64","[{""name"": ""click"", ""params"": {""index"": 18, ""label"": ""0""}}]",click,0,app://Calculator,,act,,,,True,right,,
q10b-native-dev-20260924,calc-subtract-dual-f0dbe6ed,calc-subtract,dual,5,s1,"Clear the calculator, then compute 250 minus 75 and leave the result on the display.",app://Calculator,24,click,0.97,Subtract,0.72,Subtract (0.74); Clear (0.21); 7 (0.05); 4 (0.00); Multiply (0.00),0.03,0.11,0.08,0.08,"act: operation 0.97, target 0.72","[{""name"": ""click"", ""params"": {""index"": 12, ""label"": ""Subtract""}}]",click,Subtract,app://Calculator,,act,,,,True,right,,
q10b-native-dev-20260924,calc-subtract-dual-f0dbe6ed,calc-subtract,dual,6,s1,"Clear the calculator, then compute 250 minus 75 and leave the result on the display.",app://Calculator,24,click,0.98,7,0.94,7 (0.94); Clear (0.04); Equals (0.01); 5 (0.01); 4 (0.00),0.02,0.09,0.07,0.06,"act: operation 0.98, target 0.94","[{""name"": ""click"", ""params"": {""index"": 5, ""label"": ""7""}}]",click,7,app://Calculator,,act,,,,True,right,,
q10b-native-dev-20260924,calc-subtract-dual-f0dbe6ed,calc-subtract,dual,7,s1,"Clear the calculator, then compute 250 minus 75 and leave the result on the display.",app://Calculator,24,click,0.98,5,0.92,5 (0.93); Clear (0.05); 7 (0.01); 4 (0.00); Multiply (0.00),0.02,0.09,0.09,0.07,"act: operation 0.98, target 0.92","[{""name"": ""click"", ""params"": {""index"": 10, ""label"": ""5""}}]",click,5,app://Calculator,,act,,,,True,right,,
q10b-native-dev-20260924,calc-subtract-dual-f0dbe6ed,calc-subtract,dual,8,s1,"Clear the calculator, then compute 250 minus 75 and leave the result on the display.",app://Calculator,24,click,0.96,Equals,0.94,Equals (0.95); Clear (0.05); 4 (0.00); Multiply (0.00); 9 (0.00),0.03,0.26,0.09,0.06,"act: operation 0.96, target 0.94","[{""name"": ""click"", ""params"": {""index"": 20, ""label"": ""Equals""}}]",click,Equals,app://Calculator,,verification accept,,,,True,right,,
q10b-native-dev-20260924,calc-subtract-dual-f0dbe6ed,calc-subtract,dual,9,s1,"Clear the calculator, then compute 250 minus 75 and leave the result on the display.",app://Calculator,24,done,0.97,,,,0.94,0.29,0.57,0.09,"verification accept: complete p=0.90, max unmet p=0.07",[],done,,app://Calculator,,,accept,0.9,0.07,True,right,,
q10b-native-dev-20260924,calc-subtract-dual-fcd52ebb,calc-subtract,dual,1,s1,"Clear the calculator, then compute 250 minus 75 and leave the result on the display.",app://Calculator,24,click,0.99,All Clear,0.86,All Clear (0.87); 2 (0.13); 4 (0.00); Multiply (0.00); 9 (0.00),0.02,0.04,0.06,0.11,"act: operation 0.99, target 0.86","[{""name"": ""click"", ""params"": {""index"": 2, ""label"": ""All Clear""}}]",click,All Clear,app://Calculator,,act,,,,True,right,,
q10b-native-dev-20260924,calc-subtract-dual-fcd52ebb,calc-subtract,dual,2,s1,"Clear the calculator, then compute 250 minus 75 and leave the result on the display.",app://Calculator,24,click,0.96,2,0.9,2 (0.91); All Clear (0.09); 4 (0.00); Multiply (0.00); 9 (0.00),0.03,0.07,0.06,0.07,"act: operation 0.96, target 0.9","[{""name"": ""click"", ""params"": {""index"": 14, ""label"": ""2""}}]",click,2,app://Calculator,,act,,,,True,right,,
q10b-native-dev-20260924,calc-subtract-dual-fcd52ebb,calc-subtract,dual,3,s1,"Clear the calculator, then compute 250 minus 75 and leave the result on the display.",app://Calculator,24,click,0.94,5,0.61,5 (0.64); Clear (0.28); 0 (0.06); 2 (0.01); Subtract (0.01),0.01,0.11,0.1,0.08,"act: operation 0.94, target 0.61","[{""name"": ""click"", ""params"": {""index"": 10, ""label"": ""5""}}]",click,5,app://Calculator,,act,,,,True,right,,
q10b-native-dev-20260924,calc-subtract-dual-fcd52ebb,calc-subtract,dual,4,s1,"Clear the calculator, then compute 250 minus 75 and leave the result on the display.",app://Calculator,24,click,0.93,0,0.66,0 (0.68); Clear (0.22); Subtract (0.07); 7 (0.01); 5 (0.01),0.02,0.11,0.1,0.08,"act: operation 0.93, target 0.66","[{""name"": ""click"", ""params"": {""index"": 18, ""label"": ""0""}}]",click,0,app://Calculator,,act,,,,True,right,,
q10b-native-dev-20260924,calc-subtract-dual-fcd52ebb,calc-subtract,dual,5,s1,"Clear the calculator, then compute 250 minus 75 and leave the result on the display.",app://Calculator,24,click,0.98,Subtract,0.76,Subtract (0.77); Clear (0.17); 7 (0.06); 4 (0.00); Multiply (0.00),0.03,0.1,0.07,0.07,"act: operation 0.98, target 0.76","[{""name"": ""click"", ""params"": {""index"": 12, ""label"": ""Subtract""}}]",click,Subtract,app://Calculator,,act,,,,True,right,,
q10b-native-dev-20260924,calc-subtract-dual-fcd52ebb,calc-subtract,dual,6,s1,"Clear the calculator, then compute 250 minus 75 and leave the result on the display.",app://Calculator,24,click,0.98,7,0.94,7 (0.95); Clear (0.04); Equals (0.01); 4 (0.00); Multiply (0.00),0.02,0.09,0.07,0.05,"act: operation 0.98, target 0.94","[{""name"": ""click"", ""params"": {""index"": 5, ""label"": ""7""}}]",click,7,app://Calculator,,act,,,,True,right,,
q10b-native-dev-20260924,calc-subtract-dual-fcd52ebb,calc-subtract,dual,7,s1,"Clear the calculator, then compute 250 minus 75 and leave the result on the display.",app://Calculator,24,click,0.97,5,0.91,5 (0.93); Clear (0.05); 7 (0.02); 4 (0.00); Multiply (0.00),0.02,0.1,0.09,0.07,"act: operation 0.97, target 0.91","[{""name"": ""click"", ""params"": {""index"": 10, ""label"": ""5""}}]",click,5,app://Calculator,,act,,,,True,right,,
q10b-native-dev-20260924,calc-subtract-dual-fcd52ebb,calc-subtract,dual,8,s1,"Clear the calculator, then compute 250 minus 75 and leave the result on the display.",app://Calculator,24,click,0.97,Equals,0.95,Equals (0.96); Clear (0.04); 4 (0.00); Multiply (0.00); 9 (0.00),0.03,0.28,0.1,0.06,"act: operation 0.97, target 0.95","[{""name"": ""click"", ""params"": {""index"": 20, ""label"": ""Equals""}}]",click,Equals,app://Calculator,,verification accept,,,,True,right,,
q10b-native-dev-20260924,calc-subtract-dual-fcd52ebb,calc-subtract,dual,9,s1,"Clear the calculator, then compute 250 minus 75 and leave the result on the display.",app://Calculator,24,done,0.95,,,,0.93,0.26,0.55,0.08,"verification accept: complete p=0.90, max unmet p=0.06",[],done,,app://Calculator,,,accept,0.9,0.06,True,right,,
q10b-native-dev-20260924,calc-subtract-s1_only-0fa43358,calc-subtract,s1_only,1,s1,"Clear the calculator, then compute 250 minus 75 and leave the result on the display.",app://Calculator,24,click,0.99,All Clear,0.88,All Clear (0.89); 2 (0.11); 4 (0.00); Multiply (0.00); 9 (0.00),0.03,0.04,0.06,0.09,"act: operation 0.99, target 0.88","[{""name"": ""click"", ""params"": {""index"": 2, ""label"": ""All Clear""}}]",click,All Clear,app://Calculator,,act,,,,True,right,,
q10b-native-dev-20260924,calc-subtract-s1_only-0fa43358,calc-subtract,s1_only,2,s1,"Clear the calculator, then compute 250 minus 75 and leave the result on the display.",app://Calculator,24,click,0.94,2,0.9,2 (0.91); All Clear (0.08); Subtract (0.01); 4 (0.00); Multiply (0.00),0.03,0.08,0.07,0.07,"act: operation 0.94, target 0.9","[{""name"": ""click"", ""params"": {""index"": 14, ""label"": ""2""}}]",click,2,app://Calculator,,act,,,,True,right,,
q10b-native-dev-20260924,calc-subtract-s1_only-0fa43358,calc-subtract,s1_only,3,s1,"Clear the calculator, then compute 250 minus 75 and leave the result on the display.",app://Calculator,24,click,0.94,5,0.59,5 (0.62); Clear (0.31); 0 (0.05); 2 (0.01); Subtract (0.01),0.02,0.11,0.09,0.08,"act: operation 0.94, target 0.59","[{""name"": ""click"", ""params"": {""index"": 10, ""label"": ""5""}}]",click,5,app://Calculator,,act,,,,True,right,,
q10b-native-dev-20260924,calc-subtract-s1_only-0fa43358,calc-subtract,s1_only,4,s1,"Clear the calculator, then compute 250 minus 75 and leave the result on the display.",app://Calculator,24,click,0.93,0,0.67,0 (0.69); Clear (0.22); Subtract (0.07); 7 (0.01); 5 (0.01),0.02,0.1,0.1,0.08,"act: operation 0.93, target 0.67","[{""name"": ""click"", ""params"": {""index"": 18, ""label"": ""0""}}]",click,0,app://Calculator,,act,,,,True,right,,
q10b-native-dev-20260924,calc-subtract-s1_only-0fa43358,calc-subtract,s1_only,5,s1,"Clear the calculator, then compute 250 minus 75 and leave the result on the display.",app://Calculator,24,click,0.97,Subtract,0.82,Subtract (0.83); Clear (0.13); 7 (0.04); 4 (0.00); Multiply (0.00),0.03,0.11,0.08,0.08,"act: operation 0.97, target 0.82","[{""name"": ""click"", ""params"": {""index"": 12, ""label"": ""Subtract""}}]",click,Subtract,app://Calculator,,act,,,,True,right,,
q10b-native-dev-20260924,calc-subtract-s1_only-0fa43358,calc-subtract,s1_only,6,s1,"Clear the calculator, then compute 250 minus 75 and leave the result on the display.",app://Calculator,24,click,0.98,7,0.95,7 (0.97); Clear (0.03); 4 (0.00); Multiply (0.00); 9 (0.00),0.02,0.09,0.08,0.05,"act: operation 0.98, target 0.95","[{""name"": ""click"", ""params"": {""index"": 5, ""label"": ""7""}}]",click,7,app://Calculator,,act,,,,True,right,,
q10b-native-dev-20260924,calc-subtract-s1_only-0fa43358,calc-subtract,s1_only,7,s1,"Clear the calculator, then compute 250 minus 75 and leave the result on the display.",app://Calculator,24,click,0.97,5,0.88,5 (0.89); Clear (0.06); 7 (0.04); Equals (0.01); 4 (0.00),0.02,0.1,0.09,0.07,"act: operation 0.97, target 0.88","[{""name"": ""click"", ""params"": {""index"": 10, ""label"": ""5""}}]",click,5,app://Calculator,,act,,,,True,right,,
q10b-native-dev-20260924,calc-subtract-s1_only-0fa43358,calc-subtract,s1_only,8,s1,"Clear the calculator, then compute 250 minus 75 and leave the result on the display.",app://Calculator,24,click,0.97,Equals,0.94,Equals (0.95); Clear (0.05); 4 (0.00); Multiply (0.00); 9 (0.00),0.03,0.31,0.1,0.07,"act: operation 0.97, target 0.94","[{""name"": ""click"", ""params"": {""index"": 20, ""label"": ""Equals""}}]",click,Equals,app://Calculator,,verification accept,,,,True,right,,
q10b-native-dev-20260924,calc-subtract-s1_only-0fa43358,calc-subtract,s1_only,9,s1,"Clear the calculator, then compute 250 minus 75 and leave the result on the display.",app://Calculator,24,done,0.96,,,,0.93,0.27,0.59,0.08,"verification accept: complete p=0.89, max unmet p=0.06",[],done,,app://Calculator,,,accept,0.89,0.06,True,right,,
q10b-native-dev-20260924,calc-subtract-s1_only-3ee9660f,calc-subtract,s1_only,1,s1,"Clear the calculator, then compute 250 minus 75 and leave the result on the display.",app://Calculator,24,click,0.99,All Clear,0.9,All Clear (0.91); 2 (0.09); 4 (0.00); Multiply (0.00); 9 (0.00),0.02,0.04,0.06,0.09,"act: operation 0.99, target 0.9","[{""name"": ""click"", ""params"": {""index"": 2, ""label"": ""All Clear""}}]",click,All Clear,app://Calculator,,act,,,,True,right,,
q10b-native-dev-20260924,calc-subtract-s1_only-3ee9660f,calc-subtract,s1_only,2,s1,"Clear the calculator, then compute 250 minus 75 and leave the result on the display.",app://Calculator,24,click,0.96,2,0.91,2 (0.92); All Clear (0.08); 4 (0.00); Multiply (0.00); 9 (0.00),0.02,0.07,0.07,0.07,"act: operation 0.96, target 0.91","[{""name"": ""click"", ""params"": {""index"": 14, ""label"": ""2""}}]",click,2,app://Calculator,,act,,,,True,right,,
q10b-native-dev-20260924,calc-subtract-s1_only-3ee9660f,calc-subtract,s1_only,3,s1,"Clear the calculator, then compute 250 minus 75 and leave the result on the display.",app://Calculator,24,click,0.94,5,0.65,5 (0.67); Clear (0.26); 0 (0.05); 2 (0.01); Subtract (0.01),0.02,0.11,0.1,0.09,"act: operation 0.94, target 0.65","[{""name"": ""click"", ""params"": {""index"": 10, ""label"": ""5""}}]",click,5,app://Calculator,,act,,,,True,right,,
q10b-native-dev-20260924,calc-subtract-s1_only-3ee9660f,calc-subtract,s1_only,4,s1,"Clear the calculator, then compute 250 minus 75 and leave the result on the display.",app://Calculator,24,click,0.91,0,0.6,0 (0.63); Clear (0.28); Subtract (0.07); 7 (0.01); 5 (0.01),0.02,0.11,0.1,0.1,"act: operation 0.91, target 0.6","[{""name"": ""click"", ""params"": {""index"": 18, ""label"": ""0""}}]",click,0,app://Calculator,,act,,,,True,right,,
q10b-native-dev-20260924,calc-subtract-s1_only-3ee9660f,calc-subtract,s1_only,5,s1,"Clear the calculator, then compute 250 minus 75 and leave the result on the display.",app://Calculator,24,click,0.98,Subtract,0.76,Subtract (0.77); Clear (0.19); 7 (0.04); 4 (0.00); Multiply (0.00),0.03,0.11,0.07,0.07,"act: operation 0.98, target 0.76","[{""name"": ""click"", ""params"": {""index"": 12, ""label"": ""Subtract""}}]",click,Subtract,app://Calculator,,act,,,,True,right,,
q10b-native-dev-20260924,calc-subtract-s1_only-3ee9660f,calc-subtract,s1_only,6,s1,"Clear the calculator, then compute 250 minus 75 and leave the result on the display.",app://Calculator,24,click,0.98,7,0.93,7 (0.95); Clear (0.04); Equals (0.01); 4 (0.00); Multiply (0.00),0.02,0.09,0.07,0.06,"act: operation 0.98, target 0.93","[{""name"": ""click"", ""params"": {""index"": 5, ""label"": ""7""}}]",click,7,app://Calculator,,act,,,,True,right,,
q10b-native-dev-20260924,calc-subtract-s1_only-3ee9660f,calc-subtract,s1_only,7,s1,"Clear the calculator, then compute 250 minus 75 and leave the result on the display.",app://Calculator,24,click,0.96,5,0.88,5 (0.89); Clear (0.07); 7 (0.03); Equals (0.01); 4 (0.00),0.02,0.11,0.1,0.07,"act: operation 0.96, target 0.88","[{""name"": ""click"", ""params"": {""index"": 10, ""label"": ""5""}}]",click,5,app://Calculator,,act,,,,True,right,,
q10b-native-dev-20260924,calc-subtract-s1_only-3ee9660f,calc-subtract,s1_only,8,s1,"Clear the calculator, then compute 250 minus 75 and leave the result on the display.",app://Calculator,24,click,0.97,Equals,0.95,Equals (0.96); Clear (0.04); 4 (0.00); Multiply (0.00); 9 (0.00),0.04,0.31,0.1,0.07,"act: operation 0.97, target 0.95","[{""name"": ""click"", ""params"": {""index"": 20, ""label"": ""Equals""}}]",click,Equals,app://Calculator,,verification accept,,,,True,right,,
q10b-native-dev-20260924,calc-subtract-s1_only-3ee9660f,calc-subtract,s1_only,9,s1,"Clear the calculator, then compute 250 minus 75 and leave the result on the display.",app://Calculator,24,done,0.95,,,,0.93,0.25,0.59,0.08,"verification accept: complete p=0.91, max unmet p=0.08",[],done,,app://Calculator,,,accept,0.91,0.08,True,right,,
q10b-native-dev-20260924,calc-subtract-s1_only-6d789001,calc-subtract,s1_only,1,s1,"Clear the calculator, then compute 250 minus 75 and leave the result on the display.",app://Calculator,24,click,0.99,All Clear,0.89,All Clear (0.90); 2 (0.10); 4 (0.00); Multiply (0.00); 9 (0.00),0.02,0.04,0.06,0.11,"act: operation 0.99, target 0.89","[{""name"": ""click"", ""params"": {""index"": 2, ""label"": ""All Clear""}}]",click,All Clear,app://Calculator,,act,,,,True,right,,
q10b-native-dev-20260924,calc-subtract-s1_only-6d789001,calc-subtract,s1_only,2,s1,"Clear the calculator, then compute 250 minus 75 and leave the result on the display.",app://Calculator,24,click,0.95,2,0.9,2 (0.91); All Clear (0.08); Subtract (0.01); 4 (0.00); Multiply (0.00),0.02,0.07,0.06,0.07,"act: operation 0.95, target 0.9","[{""name"": ""click"", ""params"": {""index"": 14, ""label"": ""2""}}]",click,2,app://Calculator,,act,,,,True,right,,
q10b-native-dev-20260924,calc-subtract-s1_only-6d789001,calc-subtract,s1_only,3,s1,"Clear the calculator, then compute 250 minus 75 and leave the result on the display.",app://Calculator,24,click,0.93,5,0.61,5 (0.64); Clear (0.27); 0 (0.07); 2 (0.01); Subtract (0.01),0.01,0.11,0.1,0.07,"act: operation 0.93, target 0.61","[{""name"": ""click"", ""params"": {""index"": 10, ""label"": ""5""}}]",click,5,app://Calculator,,act,,,,True,right,,
q10b-native-dev-20260924,calc-subtract-s1_only-6d789001,calc-subtract,s1_only,4,s1,"Clear the calculator, then compute 250 minus 75 and leave the result on the display.",app://Calculator,24,click,0.95,0,0.7,0 (0.72); Clear (0.19); Subtract (0.07); 7 (0.01); 5 (0.01),0.02,0.11,0.1,0.09,"act: operation 0.95, target 0.7","[{""name"": ""click"", ""params"": {""index"": 18, ""label"": ""0""}}]",click,0,app://Calculator,,act,,,,True,right,,
q10b-native-dev-20260924,calc-subtract-s1_only-6d789001,calc-subtract,s1_only,5,s1,"Clear the calculator, then compute 250 minus 75 and leave the result on the display.",app://Calculator,24,click,0.97,Subtract,0.75,Subtract (0.77); Clear (0.19); 7 (0.04); 4 (0.00); Multiply (0.00),0.03,0.11,0.07,0.07,"act: operation 0.97, target 0.75","[{""name"": ""click"", ""params"": {""index"": 12, ""label"": ""Subtract""}}]",click,Subtract,app://Calculator,,act,,,,True,right,,
q10b-native-dev-20260924,calc-subtract-s1_only-6d789001,calc-subtract,s1_only,6,s1,"Clear the calculator, then compute 250 minus 75 and leave the result on the display.",app://Calculator,24,click,0.98,7,0.92,7 (0.92); Clear (0.06); Equals (0.01); 5 (0.01); 4 (0.00),0.02,0.1,0.07,0.06,"act: operation 0.98, target 0.92","[{""name"": ""click"", ""params"": {""index"": 5, ""label"": ""7""}}]",click,7,app://Calculator,,act,,,,True,right,,
q10b-native-dev-20260924,calc-subtract-s1_only-6d789001,calc-subtract,s1_only,7,s1,"Clear the calculator, then compute 250 minus 75 and leave the result on the display.",app://Calculator,24,click,0.97,5,0.91,5 (0.92); Clear (0.05); 7 (0.02); 4 (0.00); Multiply (0.00),0.02,0.11,0.1,0.06,"act: operation 0.97, target 0.91","[{""name"": ""click"", ""params"": {""index"": 10, ""label"": ""5""}}]",click,5,app://Calculator,,act,,,,True,right,,
q10b-native-dev-20260924,calc-subtract-s1_only-6d789001,calc-subtract,s1_only,8,s1,"Clear the calculator, then compute 250 minus 75 and leave the result on the display.",app://Calculator,24,click,0.98,Equals,0.95,Equals (0.96); Clear (0.04); 4 (0.00); Multiply (0.00); 9 (0.00),0.03,0.28,0.1,0.07,"act: operation 0.98, target 0.95","[{""name"": ""click"", ""params"": {""index"": 20, ""label"": ""Equals""}}]",click,Equals,app://Calculator,,verification accept,,,,True,right,,
q10b-native-dev-20260924,calc-subtract-s1_only-6d789001,calc-subtract,s1_only,9,s1,"Clear the calculator, then compute 250 minus 75 and leave the result on the display.",app://Calculator,24,done,0.95,,,,0.93,0.28,0.56,0.08,"verification accept: complete p=0.91, max unmet p=0.07",[],done,,app://Calculator,,,accept,0.91,0.07,True,right,,
q10b-native-dev-20260924,textedit-append-line-dual-49cf1661,textedit-append-line,dual,1,s1,"Add the line ""Second line."" at the end of the document, keeping the first line as it is, and save the document.",app://TextEdit,4,append,0.98,text area,1.0,text area (1.00),0.02,0.05,0.23,0.06,"act: operation 0.98, target 1.0","[{""name"": ""input"", ""params"": {""index"": 1, ""label"": ""text area"", ""text"": ""Second line."", ""append"": true}}]",input,text area,app://TextEdit,,act,,,,True,right,,
q10b-native-dev-20260924,textedit-append-line-dual-49cf1661,textedit-append-line,dual,2,s1,"Add the line ""Second line."" at the end of the document, keeping the first line as it is, and save the document.",app://TextEdit,4,click,0.68,button,0.65,button (0.77); button (0.12); button (0.11),0.2,0.08,0.25,0.09,"act: operation 0.68, target 0.65","[{""name"": ""click"", ""params"": {""index"": 2, ""label"": ""button""}}]",click,button,app://TextEdit,,System 2 wait,,,,True,right,,
q10b-native-dev-20260924,textedit-append-line-dual-49cf1661,textedit-append-line,dual,3,s2,"Add the line ""Second line."" at the end of the document, keeping the first line as it is, and save the document.",app://TextEdit,0,blocked,0.79,,,,0.02,0.1,0.42,0.12,System 2 wait,[],wait,,app://TextEdit,,System 2 wait,,,,True,unknown,,
q10b-native-dev-20260924,textedit-append-line-dual-49cf1661,textedit-append-line,dual,4,s2,"Add the line ""Second line."" at the end of the document, keeping the first line as it is, and save the document.",app://TextEdit,0,blocked,0.73,,,,0.02,0.13,0.47,0.12,System 2 wait,[],wait,,app://TextEdit,,System 2 menu File > Save,,,,True,unknown,,
q10b-native-dev-20260924,textedit-append-line-dual-49cf1661,textedit-append-line,dual,5,s2,"Add the line ""Second line."" at the end of the document, keeping the first line as it is, and save the document.",app://TextEdit,0,blocked,0.77,,,,0.02,0.72,0.44,0.11,System 2 menu File > Save,"[{""name"": ""menu"", ""params"": {""path"": [""File"", ""Save""]}}]",menu,,app://TextEdit,driver refused: menu_path_unavailable foreground; invoke_menu: window_id does no,,,,,True,unknown,,
q10b-native-dev-20260924,textedit-append-line-dual-680b95c6,textedit-append-line,dual,1,s1,"Add the line ""Second line."" at the end of the document, keeping the first line as it is, and save the document.",app://TextEdit,4,append,0.99,text area,1.0,text area (1.00),0.02,0.05,0.2,0.06,"act: operation 0.99, target 1.0","[{""name"": ""input"", ""params"": {""index"": 1, ""label"": ""text area"", ""text"": ""Second line."", ""append"": true}}]",input,text area,app://TextEdit,,act,,,,True,right,,
q10b-native-dev-20260924,textedit-append-line-dual-680b95c6,textedit-append-line,dual,2,s1,"Add the line ""Second line."" at the end of the document, keeping the first line as it is, and save the document.",app://TextEdit,4,click,0.63,button,0.6,button (0.73); button (0.14); button (0.13),0.22,0.07,0.29,0.08,"act: operation 0.63, target 0.6","[{""name"": ""click"", ""params"": {""index"": 2, ""label"": ""button""}}]",click,button,app://TextEdit,,System 2 wait,,,,True,right,,
q10b-native-dev-20260924,textedit-append-line-dual-680b95c6,textedit-append-line,dual,3,s2,"Add the line ""Second line."" at the end of the document, keeping the first line as it is, and save the document.",app://TextEdit,0,blocked,0.79,,,,0.02,0.11,0.42,0.12,System 2 wait,[],wait,,app://TextEdit,,System 2 wait,,,,True,unknown,,
q10b-native-dev-20260924,textedit-append-line-dual-680b95c6,textedit-append-line,dual,4,s2,"Add the line ""Second line."" at the end of the document, keeping the first line as it is, and save the document.",app://TextEdit,0,blocked,0.71,,,,0.02,0.13,0.44,0.11,System 2 wait,[],wait,,app://TextEdit,,System 2 wait,,,,True,unknown,,
q10b-native-dev-20260924,textedit-append-line-dual-680b95c6,textedit-append-line,dual,5,s2,"Add the line ""Second line."" at the end of the document, keeping the first line as it is, and save the document.",app://TextEdit,0,blocked,0.76,,,,0.02,0.75,0.44,0.11,System 2 wait,[],wait,,app://TextEdit,,System 2 menu File > Save,,,,True,unknown,,
q10b-native-dev-20260924,textedit-append-line-dual-680b95c6,textedit-append-line,dual,6,s2,"Add the line ""Second line."" at the end of the document, keeping the first line as it is, and save the document.",app://TextEdit,0,blocked,0.77,,,,0.02,0.79,0.43,0.1,System 2 menu File > Save,"[{""name"": ""menu"", ""params"": {""path"": [""File"", ""Save""]}}]",menu,,app://TextEdit,driver refused: menu_path_unavailable foreground; invoke_menu: window_id does no,,,,,True,unknown,,
q10b-native-dev-20260924,textedit-append-line-dual-6d4202ce,textedit-append-line,dual,1,s1,"Add the line ""Second line."" at the end of the document, keeping the first line as it is, and save the document.",app://TextEdit,4,append,0.98,text area,1.0,text area (1.00),0.02,0.06,0.23,0.06,"act: operation 0.98, target 1.0","[{""name"": ""input"", ""params"": {""index"": 1, ""label"": ""text area"", ""text"": ""Second line."", ""append"": true}}]",input,text area,app://TextEdit,,act,,,,True,right,,
q10b-native-dev-20260924,textedit-append-line-dual-6d4202ce,textedit-append-line,dual,2,s1,"Add the line ""Second line."" at the end of the document, keeping the first line as it is, and save the document.",app://TextEdit,4,click,0.58,button,0.63,button (0.76); button (0.13); button (0.11),0.2,0.07,0.28,0.09,"act: operation 0.58, target 0.63","[{""name"": ""click"", ""params"": {""index"": 2, ""label"": ""button""}}]",click,button,app://TextEdit,,System 2 hotkey cmd+s,,,,True,right,,
q10b-native-dev-20260924,textedit-append-line-dual-6d4202ce,textedit-append-line,dual,3,s2,"Add the line ""Second line."" at the end of the document, keeping the first line as it is, and save the document.",app://TextEdit,0,blocked,0.81,,,,0.02,0.11,0.38,0.11,System 2 hotkey cmd+s,"[{""name"": ""send_keys"", ""params"": {""keys"": ""cmd+s"", ""route"": ""foreground""}}]",send_keys,,app://TextEdit,,,,,,True,unknown,,
q10b-native-dev-20260924,textedit-append-line-s1_only-624ef358,textedit-append-line,s1_only,1,s1,"Add the line ""Second line."" at the end of the document, keeping the first line as it is, and save the document.",app://TextEdit,4,append,0.98,text area,1.0,text area (1.00),0.02,0.05,0.23,0.07,"act: operation 0.98, target 1.0","[{""name"": ""input"", ""params"": {""index"": 1, ""label"": ""text area"", ""text"": ""Second line."", ""append"": true}}]",input,text area,app://TextEdit,,act,,,,True,right,,
q10b-native-dev-20260924,textedit-append-line-s1_only-624ef358,textedit-append-line,s1_only,2,s1,"Add the line ""Second line."" at the end of the document, keeping the first line as it is, and save the document.",app://TextEdit,4,click,0.65,button,0.6,button (0.73); button (0.14); button (0.13),0.2,0.07,0.25,0.09,"act: operation 0.65, target 0.6","[{""name"": ""click"", ""params"": {""index"": 2, ""label"": ""button""}}]",click,button,app://TextEdit,,blocked,,,,True,right,,
q10b-native-dev-20260924,textedit-append-line-s1_only-624ef358,textedit-append-line,s1_only,3,s1,"Add the line ""Second line."" at the end of the document, keeping the first line as it is, and save the document.",app://TextEdit,0,blocked,0.81,,,,0.02,0.12,0.42,0.12,blocked: no offered operation can make progress,[],,,app://TextEdit,,,,,,True,right,,
q10b-native-dev-20260924,textedit-append-line-s1_only-80fa6ec1,textedit-append-line,s1_only,1,s1,"Add the line ""Second line."" at the end of the document, keeping the first line as it is, and save the document.",app://TextEdit,4,append,0.99,text area,1.0,text area (1.00),0.02,0.05,0.21,0.06,"act: operation 0.99, target 1.0","[{""name"": ""input"", ""params"": {""index"": 1, ""label"": ""text area"", ""text"": ""Second line."", ""append"": true}}]",input,text area,app://TextEdit,,act,,,,True,right,,
q10b-native-dev-20260924,textedit-append-line-s1_only-80fa6ec1,textedit-append-line,s1_only,2,s1,"Add the line ""Second line."" at the end of the document, keeping the first line as it is, and save the document.",app://TextEdit,4,click,0.6,button,0.67,button (0.77); button (0.13); button (0.10),0.2,0.08,0.26,0.08,"act: operation 0.60, target 0.67","[{""name"": ""click"", ""params"": {""index"": 2, ""label"": ""button""}}]",click,button,app://TextEdit,,blocked,,,,True,right,,
q10b-native-dev-20260924,textedit-append-line-s1_only-80fa6ec1,textedit-append-line,s1_only,3,s1,"Add the line ""Second line."" at the end of the document, keeping the first line as it is, and save the document.",app://TextEdit,0,blocked,0.8,,,,0.02,0.12,0.39,0.12,blocked: no offered operation can make progress,[],,,app://TextEdit,,,,,,True,right,,
q10b-native-dev-20260924,textedit-append-line-s1_only-a7596bdd,textedit-append-line,s1_only,1,s1,"Add the line ""Second line."" at the end of the document, keeping the first line as it is, and save the document.",app://TextEdit,4,append,0.99,text area,1.0,text area (1.00),0.02,0.05,0.23,0.06,"act: operation 0.99, target 1.0","[{""name"": ""input"", ""params"": {""index"": 1, ""label"": ""text area"", ""text"": ""Second line."", ""append"": true}}]",input,text area,app://TextEdit,,act,,,,True,right,,
q10b-native-dev-20260924,textedit-append-line-s1_only-a7596bdd,textedit-append-line,s1_only,2,s1,"Add the line ""Second line."" at the end of the document, keeping the first line as it is, and save the document.",app://TextEdit,4,click,0.63,button,0.54,button (0.69); button (0.17); button (0.14),0.2,0.08,0.24,0.09,"act: operation 0.63, target 0.54","[{""name"": ""click"", ""params"": {""index"": 2, ""label"": ""button""}}]",click,button,app://TextEdit,,blocked,,,,True,right,,
q10b-native-dev-20260924,textedit-append-line-s1_only-a7596bdd,textedit-append-line,s1_only,3,s1,"Add the line ""Second line."" at the end of the document, keeping the first line as it is, and save the document.",app://TextEdit,0,blocked,0.79,,,,0.02,0.11,0.39,0.12,blocked: no offered operation can make progress,[],,,app://TextEdit,,,,,,True,right,,
q10b-native-dev-20260924,textedit-type-sentence-dual-4a4d1c83,textedit-type-sentence,dual,1,s1,"Type the sentence ""The lantern arrived broken."" into the document.",app://TextEdit,4,type,0.73,First Text View,1.0,First Text View (1.00),0.03,0.05,0.14,0.06,"act: operation 0.73, target 1.0","[{""name"": ""input"", ""params"": {""index"": 1, ""label"": ""First Text View"", ""text"": ""The lantern arrived broken."", ""append"": false}}]",input,First Text View,app://TextEdit,,verification accept,,,,True,right,,
q10b-native-dev-20260924,textedit-type-sentence-dual-4a4d1c83,textedit-type-sentence,dual,2,s1,"Type the sentence ""The lantern arrived broken."" into the document.",app://TextEdit,4,done,0.99,,,,0.91,0.07,0.33,0.13,"verification accept: complete p=0.96, max unmet p=0.07",[],done,,app://TextEdit,,,accept,0.96,0.07,True,right,,
q10b-native-dev-20260924,textedit-type-sentence-dual-5851c74c,textedit-type-sentence,dual,1,s2,"Type the sentence ""The lantern arrived broken."" into the document.",app://TextEdit,4,type,0.51,First Text View,1.0,First Text View (1.00),0.03,0.05,0.16,0.06,System 2 type [1] (Typing the required sentence into the document text view.),"[{""name"": ""input"", ""params"": {""index"": 1, ""label"": ""First Text View"", ""text"": ""The lantern arrived broken."", ""append"": false}}]",input,First Text View,app://TextEdit,,verification accept,,,,True,unknown,,
q10b-native-dev-20260924,textedit-type-sentence-dual-5851c74c,textedit-type-sentence,dual,2,s1,"Type the sentence ""The lantern arrived broken."" into the document.",app://TextEdit,4,done,0.99,,,,0.93,0.06,0.31,0.14,"verification accept: complete p=0.96, max unmet p=0.06",[],done,,app://TextEdit,,,accept,0.96,0.06,True,right,,
q10b-native-dev-20260924,textedit-type-sentence-dual-ce73c383,textedit-type-sentence,dual,1,s1,"Type the sentence ""The lantern arrived broken."" into the document.",app://TextEdit,4,type,0.68,First Text View,1.0,First Text View (1.00),0.03,0.05,0.16,0.07,"act: operation 0.68, target 1.0","[{""name"": ""input"", ""params"": {""index"": 1, ""label"": ""First Text View"", ""text"": ""The lantern arrived broken."", ""append"": false}}]",input,First Text View,app://TextEdit,,verification accept,,,,True,right,,
q10b-native-dev-20260924,textedit-type-sentence-dual-ce73c383,textedit-type-sentence,dual,2,s1,"Type the sentence ""The lantern arrived broken."" into the document.",app://TextEdit,4,done,0.99,,,,0.92,0.07,0.33,0.13,"verification accept: complete p=0.96, max unmet p=0.08",[],done,,app://TextEdit,,,accept,0.96,0.08,True,right,,
q10b-native-dev-20260924,textedit-type-sentence-s1_only-4e6d088a,textedit-type-sentence,s1_only,1,s1,"Type the sentence ""The lantern arrived broken."" into the document.",app://TextEdit,4,type,0.68,First Text View,1.0,First Text View (1.00),0.04,0.05,0.2,0.06,"act: operation 0.68, target 1.0","[{""name"": ""input"", ""params"": {""index"": 1, ""label"": ""First Text View"", ""text"": ""The lantern arrived broken."", ""append"": false}}]",input,First Text View,app://TextEdit,,verification accept,,,,True,right,,
q10b-native-dev-20260924,textedit-type-sentence-s1_only-4e6d088a,textedit-type-sentence,s1_only,2,s1,"Type the sentence ""The lantern arrived broken."" into the document.",app://TextEdit,4,done,0.99,,,,0.91,0.07,0.34,0.13,"verification accept: complete p=0.96, max unmet p=0.07",[],done,,app://TextEdit,,,accept,0.96,0.07,True,right,,
q10b-native-dev-20260924,textedit-type-sentence-s1_only-736681cb,textedit-type-sentence,s1_only,1,s1,"Type the sentence ""The lantern arrived broken."" into the document.",app://TextEdit,4,type,0.75,First Text View,1.0,First Text View (1.00),0.03,0.05,0.17,0.07,"act: operation 0.75, target 1.0","[{""name"": ""input"", ""params"": {""index"": 1, ""label"": ""First Text View"", ""text"": ""The lantern arrived broken."", ""append"": false}}]",input,First Text View,app://TextEdit,,verification accept,,,,True,right,,
q10b-native-dev-20260924,textedit-type-sentence-s1_only-736681cb,textedit-type-sentence,s1_only,2,s1,"Type the sentence ""The lantern arrived broken."" into the document.",app://TextEdit,4,done,0.99,,,,0.92,0.07,0.35,0.15,"verification accept: complete p=0.97, max unmet p=0.08",[],done,,app://TextEdit,,,accept,0.97,0.08,True,right,,
q10b-native-dev-20260924,textedit-type-sentence-s1_only-d2d1db31,textedit-type-sentence,s1_only,1,s1,"Type the sentence ""The lantern arrived broken."" into the document.",app://TextEdit,4,type,0.69,First Text View,1.0,First Text View (1.00),0.03,0.06,0.17,0.07,"act: operation 0.69, target 1.0","[{""name"": ""input"", ""params"": {""index"": 1, ""label"": ""First Text View"", ""text"": ""The lantern arrived broken."", ""append"": false}}]",input,First Text View,app://TextEdit,,verification accept,,,,True,right,,
q10b-native-dev-20260924,textedit-type-sentence-s1_only-d2d1db31,textedit-type-sentence,s1_only,2,s1,"Type the sentence ""The lantern arrived broken."" into the document.",app://TextEdit,4,done,0.99,,,,0.92,0.07,0.34,0.14,"verification accept: complete p=0.96, max unmet p=0.07",[],done,,app://TextEdit,,,accept,0.96,0.07,True,right,,
